0.9314827,0.752532,-4.8544865
0.932111,0.7516423,-4.854503
0.9327872,0.7506881,-4.8545213
0.93344235,0.74976295,-4.854538
0.9342616,0.7485825,-4.8545628
0.93502045,0.74744767,-4.8545914
0.9356236,0.7465246,-4.8546176
0.9362484,0.74555326,-4.854646
0.93695456,0.7445049,-4.854671
0.93752974,0.7436527,-4.8546906
0.93830204,0.7425194,-4.854715
0.9388658,0.7416965,-4.8547316
0.9395644,0.7406702,-4.854753
0.9400671,0.73993194,-4.8547683
0.94087905,0.73873794,-4.8547926
0.9415254,0.7378066,-4.854809
0.94226533,0.73676014,-4.854824
0.9428439,0.7359428,-4.854836
0.94347763,0.7350408,-4.85485
0.94405437,0.73422563,-4.854861
0.944729,0.73326063,-4.8548756
0.94532657,0.73240936,-4.854888
0.9459293,0.73154485,-4.8549004
0.94657123,0.7306243,-4.8549147
0.94705236,0.7299327,-4.8549247
0.9475276,0.7292498,-4.8549347
0.948305,0.7281301,-4.8549504
0.9488164,0.7273911,-4.8549614
0.9492575,0.72677684,-4.854967
0.9501177,0.72558403,-4.854977
0.95067984,0.72480196,-4.854984
0.9511396,0.7241596,-4.85499
0.95155644,0.72357726,-4.854995
0.95231485,0.7225185,-4.855004
0.95272565,0.72194123,-4.855009
0.95337087,0.7210343,-4.855017
0.9539963,0.7201555,-4.8550253
0.9545425,0.7193863,-4.8550315
0.95507526,0.71863294,-4.8550386
0.9556105,0.7178759,-4.8550453
0.9561783,0.7170726,-4.855052
0.9564649,0.7166672,-4.8550553
0.95722175,0.7155908,-4.855065
0.9577581,0.7148271,-4.855072
0.95829695,0.7140598,-4.8550787
0.9588277,0.71330404,-4.855085
0.9593551,0.7125449,-4.855092
0.9598741,0.71178985,-4.8550997
0.9603875,0.7110512,-4.855107
0.9609162,0.7102931,-4.855113
0.96141094,0.70958376,-4.8551188
0.9619602,0.70879626,-4.8551254
0.9624779,0.7080536,-4.8551307
0.9629836,0.7073225,-4.8551373
0.9634973,0.7065693,-4.855145
0.9639982,0.705835,-4.855152
0.9645218,0.7050674,-4.85516
0.96499413,0.70438355,-4.855165
0.96552217,0.70362085,-4.8551707
0.9659256,0.7030379,-4.855175
0.9664989,0.70220953,-4.8551807
0.9670949,0.7013485,-4.8551865
0.96756136,0.7006744,-4.855191
0.96807325,0.6999346,-4.8551955
0.9684456,0.69939625,-4.855199
0.9691422,0.69838965,-4.8552046
0.9694768,0.69789934,-4.855209
0.97002363,0.697091,-4.8552155
0.97059494,0.6962464,-4.855222
0.97112656,0.69546044,-4.855229
0.9715023,0.6949049,-4.855233
0.97196686,0.69421804,-4.855239
0.9724213,0.6935458,-4.8552437
0.9730412,0.69262916,-4.855251
0.9735372,0.6918952,-4.855255
0.97403574,0.6911579,-4.855261
0.9743884,0.690636,-4.8552637
0.9750098,0.6897164,-4.85527
0.9754339,0.68908906,-4.8552737
0.9760031,0.6882466,-4.855279
0.9764909,0.68752474,-4.8552833
0.97698593,0.6867921,-4.8552876
0.97744876,0.686107,-4.855291
0.9779632,0.6853456,-4.855295
0.9785363,0.6844968,-4.8552995
0.9788413,0.6840453,-4.855302
0.9793823,0.68324435,-4.855305
0.979918,0.68245083,-4.8553085
0.9805641,0.6814938,-4.855313
0.981048,0.68077713,-4.855315
0.9814971,0.68011916,-4.855317
0.98198026,0.6794142,-4.8553176
0.9823873,0.6788203,-4.8553185
0.98287016,0.6781156,-4.855319
0.98343873,0.6772861,-4.85532
0.9837866,0.6767785,-4.8553205
0.9842886,0.6760457,-4.855321
0.9848027,0.67529523,-4.855321
0.985253,0.6746379,-4.855321
0.9857986,0.67384136,-4.855321
0.9863014,0.6730919,-4.8553224
0.9867505,0.672421,-4.8553243
0.98722327,0.6717146,-4.8553257
0.9877029,0.67099774,-4.855327
0.9881921,0.67026675,-4.8553286
0.9886764,0.66954315,-4.8553305
0.9891604,0.6688196,-4.8553314
0.9894917,0.6683243,-4.855332
0.99010175,0.66741234,-4.855333
0.9906211,0.666636,-4.8553343
0.99112576,0.6658811,-4.8553343
0.9915662,0.6652225,-4.8553343
0.9920493,0.66450024,-4.855335
0.9925607,0.6637353,-4.855335
0.99295783,0.66314125,-4.855335
0.993469,0.66237664,-4.855335
0.993987,0.66160166,-4.8553348
0.994436,0.6609298,-4.855334
0.9947709,0.66042876,-4.8553333
0.9953146,0.6596151,-4.855333
0.99567294,0.65907884,-4.855332
0.9963871,0.65800995,-4.8553305
0.9968093,0.6573781,-4.8553295
0.9973096,0.65662915,-4.855328
0.9977907,0.6559088,-4.8553267
0.99821717,0.6552733,-4.8553247
0.9986952,0.65456843,-4.8553214
0.9991236,0.65393716,-4.8553185
0.99959904,0.65323615,-4.855315
1.0000744,0.65253544,-4.855312
1.0005543,0.65182775,-4.855308
1.0010364,0.6511169,-4.8553042
1.0015442,0.65036774,-4.8552995
1.001948,0.64977217,-4.8552957
1.002399,0.64910704,-4.855292
1.0029442,0.6483028,-4.8552866
1.0034515,0.64755446,-4.8552814
1.0039066,0.6468829,-4.855277
1.0043945,0.64616275,-4.8552713
1.0049179,0.6453907,-4.8552666
1.0052193,0.6449456,-4.8552628
1.0058177,0.64406264,-4.8552566
1.0062673,0.6433988,-4.8552513
1.0066699,0.64280474,-4.8552465
1.0072298,0.6419779,-4.85524
1.0075969,0.6414362,-4.855235
1.0081424,0.64063066,-4.8552284
1.0085937,0.6399642,-4.855222
1.0089296,0.6394679,-4.8552175
1.0094795,0.638656,-4.855211
1.0099397,0.63797617,-4.855204
1.0104092,0.6372826,-4.855198
1.0109936,0.63641936,-4.8551893
1.0114627,0.6357261,-4.855182
1.011873,0.6351197,-4.855176
1.0124029,0.63433677,-4.855168
1.0127943,0.63375837,-4.8551617
1.0132465,0.6330901,-4.855155
1.0136704,0.63246346,-4.855148
1.0141644,0.6317332,-4.8551397
1.0146279,0.6310481,-4.8551326
1.0151075,0.6303389,-4.855124
1.0154912,0.6297717,-4.8551173
1.0160314,0.628973,-4.855108
1.016382,0.62845445,-4.8551016
1.0170152,0.62751794,-4.85509
1.0174334,0.6268995,-4.855083
1.0179423,0.62614644,-4.855073
1.0184536,0.6253901,-4.855063
1.0188503,0.62480325,-4.8550553
1.0193051,0.62413013,-4.8550467
1.0197855,0.62341934,-4.855037
1.0203031,0.6226535,-4.8550267
1.020739,0.6220085,-4.8550177
1.0212002,0.62132573,-4.855008
1.0216916,0.6205983,-4.8549976
1.0220407,0.62008137,-4.85499
1.0226016,0.619251,-4.854978
1.0230652,0.61858034,-4.854966
1.0235416,0.6179129,-4.854951
1.0240227,0.61723876,-4.854935
1.024504,0.61655045,-4.854921
1.0249641,0.61586905,-4.854911
1.0254425,0.6151602,-4.854899
1.0259812,0.61436224,-4.8548865
1.0264544,0.6136895,-4.8548713
1.026829,0.6131462,-4.854861
1.0273356,0.6124359,-4.854843
1.0278661,0.611692,-4.854825
1.0284014,0.6109415,-4.854806
1.0287894,0.6103974,-4.8547926
1.0292351,0.60977215,-4.8547764
1.0297796,0.6090086,-4.8547564
1.0302396,0.6083635,-4.85474
1.0307161,0.60769475,-4.8547225
1.0312432,0.60695535,-4.8547034
1.0316354,0.6064052,-4.854689
1.0321213,0.6057234,-4.8546705
1.0326406,0.6049945,-4.8546505
1.033119,0.6043232,-4.8546324
1.0336356,0.60359806,-4.854613
1.0339384,0.6031732,-4.854602
1.0345436,0.60232353,-4.854578
1.035007,0.601673,-4.8545594
1.0354342,0.60107315,-4.8545427
1.0359814,0.60030496,-4.8545213
1.0364636,0.59962785,-4.854502
1.0368953,0.5990216,-4.8544846
1.0374324,0.5982674,-4.8544636
1.0379716,0.5975099,-4.854441
1.0383214,0.59701854,-4.854427
1.038913,0.5961874,-4.854402
1.0393201,0.5956155,-4.8543854
1.0398636,0.594852,-4.8543625
1.0401723,0.59441817,-4.8543496
1.0407895,0.5935507,-4.854323
1.041256,0.5928952,-4.8543034
1.041715,0.59225,-4.8542833
1.0421835,0.5915915,-4.8542633
1.0426997,0.59086585,-4.854241
1.0431751,0.5901975,-4.8542204
1.0435573,0.5896603,-4.854203
1.044116,0.5888747,-4.854179
1.044622,0.58816314,-4.8541555
1.0451636,0.58740145,-4.8541317
1.0455667,0.5868345,-4.8541136
1.0459579,0.58628434,-4.8540955
1.0465181,0.5854963,-4.8540697
1.0469732,0.5848559,-4.854049
1.0474735,0.5841519,-4.8540254
1.0479475,0.583485,-4.8540034
1.0484215,0.58281827,-4.8539815
1.0489641,0.5820545,-4.8539553
1.0493901,0.581455,-4.8539357
1.049923,0.580705,-4.8539104
1.050401,0.5800321,-4.853887
1.0508789,0.5793594,-4.853864
1.0512878,0.5787838,-4.853844
1.0518223,0.57803106,-4.853818
1.0523521,0.57728523,-4.853792
1.0527391,0.57674015,-4.853773
1.0532116,0.5760748,-4.8537493
1.0536957,0.5753929,-4.853725
1.0541846,0.57470447,-4.853701
1.0545568,0.5741799,-4.853682
1.0550358,0.57350504,-4.8536577
1.0555859,0.57273024,-4.8536296
1.0559105,0.5722727,-4.8536124
1.0564673,0.5714882,-4.8535843
1.0570475,0.5706705,-4.853554
1.0574169,0.57014996,-4.8535347
1.0579281,0.56942934,-4.853508
1.0583895,0.5687789,-4.853483
1.0588343,0.5681519,-4.85346
1.0593168,0.56747174,-4.853434
1.0598156,0.5667684,-4.8534074
1.0601984,0.5662285,-4.8533864
1.0607868,0.5653988,-4.853355
1.0612284,0.5647759,-4.8533306
1.0615827,0.56427634,-4.8533115
1.062173,0.5634439,-4.8532796
1.0626543,0.5627647,-4.8532524
1.063079,0.5621656,-4.853229
1.0634612,0.56162655,-4.853208
1.0640765,0.5607582,-4.8531733
1.0645833,0.5600431,-4.8531446
1.0650523,0.5593813,-4.853118
1.0654857,0.5587696,-4.8530936
1.0659473,0.5581181,-4.853067
1.066324,0.5575863,-4.8530455
1.0668888,0.5567889,-4.853013
1.0673149,0.5561876,-4.8529882
1.0678674,0.5554071,-4.852956
1.0683001,0.55479616,-4.8529305
1.068768,0.55413556,-4.852903
1.0692403,0.5534684,-4.852875
1.0697125,0.5528015,-4.852847
1.0702059,0.55210483,-4.852818
1.0706613,0.55146134,-4.8527904
1.071166,0.5507484,-4.8527603
1.0715462,0.5502113,-4.8527374
1.0720834,0.54945225,-4.8527045
1.0724984,0.5488657,-4.8526793
1.0729649,0.5482063,-4.85265
1.0734243,0.547557,-4.852622
1.0739,0.5468847,-4.8525925
1.074324,0.54628545,-4.8525662
1.0748322,0.54556704,-4.8525343
1.0753168,0.54488194,-4.8525043
1.0758011,0.544197,-4.8524737
1.0762107,0.5436181,-4.852448
1.0767112,0.5429102,-4.852416
1.0772465,0.542153,-4.8523817
1.0776463,0.54158765,-4.852356
1.0781744,0.5408406,-4.852322
1.0786417,0.5401797,-4.852292
1.0789756,0.5397073,-4.85227
1.0796504,0.5387527,-4.8522263
1.080047,0.53819126,-4.8522
1.0803784,0.53772247,-4.852179
1.0809826,0.53686744,-4.8521385
1.0814443,0.53621405,-4.8521085
1.0818312,0.5356663,-4.8520823
1.0822997,0.53500354,-4.8520513
1.0828772,0.53419966,-4.8520107
1.0833241,0.53357744,-4.8519793
1.0837126,0.53303635,-4.851952
1.0841825,0.532382,-4.851919
1.0846663,0.5317083,-4.8518844
1.0851359,0.53105426,-4.851851
1.0855707,0.5304489,-4.8518205
1.0860516,0.52977896,-4.8517857
1.0865115,0.5291382,-4.8517528
1.0869806,0.5284847,-4.851719
1.0873451,0.52797693,-4.8516927
1.0879856,0.5270844,-4.851646
1.088452,0.5264346,-4.851612
1.0889182,0.52578497,-4.8515778
1.089238,0.52533895,-4.851554
1.0898778,0.5244472,-4.851507
1.0902996,0.5238594,-4.8514757
1.0907444,0.5232394,-4.851443
1.0912492,0.5225355,-4.851405
1.0916705,0.521948,-4.8513737
1.0921682,0.5212542,-4.851336
1.0926079,0.52064115,-4.851303
1.0930057,0.5200863,-4.851273
1.0934196,0.51950896,-4.8512416
1.0939467,0.5187738,-4.8512015
1.0943395,0.51822567,-4.851171
1.0948871,0.51746184,-4.8511295
1.0953076,0.51687545,-4.851097
1.0957693,0.51623106,-4.851061
1.0962541,0.51555467,-4.8510237
1.0967686,0.51483655,-4.8509836
1.0970408,0.5144566,-4.850962
1.0976405,0.5136198,-4.850916
1.0979632,0.51316917,-4.8508897
1.0984911,0.5124324,-4.850848
1.0990394,0.5116668,-4.8508053
1.0994841,0.5110462,-4.85077
1.0999308,0.51042235,-4.8507338
1.1003842,0.5097891,-4.850698
1.100872,0.50910777,-4.8506584
1.1013622,0.5084234,-4.8506193
1.1018429,0.507752,-4.85058
1.1021947,0.5072606,-4.850552
1.102744,0.5064932,-4.8505073
1.103215,0.50583506,-4.8504686
1.103624,0.50526386,-4.8504353
1.104065,0.50464773,-4.850399
1.1045332,0.5039932,-4.85036
1.104889,0.5034961,-4.8503313
1.1053112,0.502906,-4.850296
1.1059008,0.50208205,-4.850247
1.10638,0.5014121,-4.850207
1.1068385,0.5007712,-4.8501687
1.1072922,0.50013685,-4.8501306
1.1077527,0.49949303,-4.850092
1.108213,0.4988493,-4.850053
1.108671,0.49820897,-4.8500137
1.1089983,0.49775124,-4.849986
1.1095681,0.49695432,-4.849938
1.1100279,0.49631122,-4.849899
1.1103733,0.49582812,-4.849869
1.1109631,0.49500299,-4.849818
1.1113721,0.49443063,-4.8497825
1.1118451,0.4937689,-4.8497415
1.1122677,0.4931776,-4.8497047
1.1126444,0.49265033,-4.849672
1.1132631,0.49178457,-4.849618
1.113699,0.49117458,-4.84958
1.1140184,0.49072748,-4.8495517
1.1146913,0.4897857,-4.849492
1.1151677,0.48911867,-4.84945
1.1154982,0.48865592,-4.8494205
1.1160109,0.48793808,-4.849375
1.1164186,0.48736715,-4.849338
1.116874,0.48672932,-4.8492975
1.1172473,0.48620644,-4.8492637
1.1177799,0.48546052,-4.8492155
1.1182714,0.48477218,-4.849171
1.1187081,0.48416048,-4.8491325
1.119156,0.48353297,-4.849091
1.1196015,0.48290876,-4.8490505
1.119972,0.48238975,-4.8490167
1.1205218,0.4816194,-4.848966
1.1208625,0.48114198,-4.848935
1.12143,0.4803465,-4.8488827
1.1218772,0.4797198,-4.848841
1.1223354,0.47907734,-4.8487988
1.1227777,0.47845727,-4.8487573
1.1232494,0.47779605,-4.8487134
1.1235827,0.47732887,-4.8486824
1.1241539,0.4765281,-4.848629
1.1246612,0.47581646,-4.848581
1.1250644,0.4752511,-4.8485427
1.1256372,0.47444776,-4.848489
1.1259903,0.47395247,-4.848455
1.1263795,0.47340655,-4.8484178
1.1269065,0.4726672,-4.8483677
1.1273068,0.47210562,-4.8483295
1.1276278,0.4716552,-4.8482985
1.1282156,0.47083065,-4.848242
1.1286787,0.4701807,-4.848197
1.1291372,0.46953723,-4.848152
1.1295413,0.46896994,-4.8481135
1.1300741,0.46822223,-4.8480616
1.1303787,0.46779457,-4.8480315
1.1309968,0.46692684,-4.847971
1.1314163,0.46633795,-4.84793
1.1318448,0.4657365,-4.847888
1.1320882,0.46539468,-4.847864
1.1327754,0.46442962,-4.8477964
1.133181,0.46386018,-4.847756
1.1336222,0.4632403,-4.8477116
1.1341017,0.4625668,-4.847664
1.1345316,0.461963,-4.847621
1.134986,0.46132457,-4.847575
1.1353638,0.46079367,-4.847537
1.1358225,0.4601492,-4.847491
1.1363238,0.45944485,-4.8474402
1.1367688,0.45881963,-4.847395
1.1372203,0.45818508,-4.847349
1.1376045,0.45764536,-4.8473105
1.137977,0.45712146,-4.847272
1.1385696,0.45628858,-4.8472114
1.1390363,0.4556325,-4.8471637
1.139505,0.45497343,-4.8471155
1.1399267,0.45438075,-4.8470716
1.1404265,0.45367783,-4.84702
1.1408366,0.45310113,-4.846977
1.1413025,0.4524458,-4.846929
1.1416653,0.45193553,-4.8468914
1.1422095,0.45117027,-4.846834
1.1426482,0.45055324,-4.8467884
1.1430978,0.44992054,-4.8467407
1.1434736,0.44939184,-4.8467016
1.1439835,0.4486744,-4.8466473
1.1444552,0.4480107,-4.8465977
1.1448328,0.44747922,-4.8465576
1.1453848,0.44670266,-4.846499
1.145818,0.4460928,-4.8464527
1.1462579,0.44547373,-4.8464055
1.1466707,0.4448924,-4.846361
1.147117,0.44426414,-4.8463135
1.1474493,0.4437962,-4.846277
1.1478798,0.44319016,-4.8462305
1.1483346,0.44254974,-4.846182
1.1488562,0.4418153,-4.846125
1.1492952,0.44119716,-4.8460774
1.1496336,0.4407203,-4.8460407
1.1502706,0.43982324,-4.845971
1.1505332,0.43945318,-4.845942
1.1510428,0.43873525,-4.8458858
1.1515656,0.4379987,-4.8458285
1.1519994,0.4373877,-4.845781
1.1523973,0.4368269,-4.8457365
1.152813,0.43624115,-4.8456903
1.153184,0.43571818,-4.8456492
1.1537261,0.4349543,-4.8455887
1.1541657,0.43433452,-4.8455396
1.1545542,0.43378684,-4.845496
1.155058,0.43307662,-4.8454394
1.1555661,0.43236032,-4.845382
1.1559432,0.43182874,-4.84534
1.1563445,0.43126285,-4.845295
1.1568277,0.4305814,-4.8452396
1.157273,0.42995322,-4.845189
1.1577183,0.42932522,-4.8451385
1.1582543,0.42856932,-4.8450775
1.1585996,0.4280821,-4.845038
1.1590776,0.42740774,-4.844983
1.1595224,0.4267803,-4.844932
1.1600443,0.4260438,-4.8448715
1.1604755,0.42543545,-4.8448224
1.1607298,0.42507672,-4.844793
1.1613021,0.4242689,-4.8447266
1.161735,0.42365783,-4.844676
1.1621746,0.42303747,-4.844625
1.1626272,0.4223986,-4.844572
1.1631569,0.42165083,-4.84451
1.1634988,0.42116794,-4.8444695
1.1640414,0.42040184,-4.844406
1.1644096,0.41988188,-4.8443627
1.1648152,0.41930908,-4.8443146
1.1653265,0.41858703,-4.8442545
1.165637,0.4181483,-4.8442173
1.1660951,0.41750118,-4.844163
1.1665951,0.41679525,-4.8441033
1.1669934,0.41623238,-4.8440557
1.1674687,0.4155609,-4.843999
1.1679505,0.41488025,-4.843941
1.168443,0.4141842,-4.843882
1.1687948,0.4136872,-4.8438396
1.1692165,0.41309083,-4.8437886
1.1696012,0.41254744,-4.8437424
1.1700624,0.41189548,-4.843686
1.1705711,0.41116926,-4.843625
1.1708887,0.41069794,-4.8435884
1.1713126,0.41006857,-4.843539
1.1719036,0.40919143,-4.8434706
1.1723022,0.40859956,-4.843424
1.1725297,0.4082619,-4.843397
1.1731347,0.40736362,-4.843326
1.1735892,0.40668857,-4.8432727
1.1738895,0.4062428,-4.843238
1.1743958,0.40549064,-4.8431773
1.174775,0.40492743,-4.843133
1.1752229,0.40426227,-4.8430796
1.1756309,0.40365607,-4.8430314
1.1759702,0.403152,-4.842991
1.176451,0.40243778,-4.8429337
1.1767983,0.4019216,-4.842892
1.1772102,0.40130973,-4.842843
1.1776363,0.4006763,-4.8427916
1.1780208,0.40010485,-4.842745
1.1783887,0.39955825,-4.842701
1.1788998,0.39879873,-4.8426394
1.1792777,0.39823693,-4.842594
1.1796533,0.3976783,-4.842548
1.1801804,0.39689457,-4.8424835
1.180419,0.39653984,-4.8424544
1.1810102,0.39566088,-4.8423824
1.1814269,0.3950411,-4.842331
1.1817296,0.3945911,-4.842294
1.1821916,0.39390382,-4.8422375
1.1825976,0.39329982,-4.842187
1.1830221,0.39266837,-4.842135
1.1834424,0.39204314,-4.8420825
1.1838565,0.39142734,-4.8420315
1.1842722,0.39080855,-4.8419795
1.1846776,0.39020535,-4.8419294
1.1850871,0.38959607,-4.841878
1.1855046,0.38897467,-4.841826
1.1859158,0.38836265,-4.8417745
1.186329,0.38774762,-4.8417225
1.1867771,0.38708055,-4.841666
1.1871363,0.38654572,-4.8416204
1.1875036,0.38599876,-4.8415737
1.1879721,0.38530138,-4.8415146
1.1882774,0.38484678,-4.841476
1.1887683,0.38411593,-4.841414
1.1892115,0.3834559,-4.841357
1.1896565,0.38279292,-4.8413
1.1900829,0.3821577,-4.8412457
1.1904763,0.3815718,-4.841195
1.1908387,0.38103196,-4.8411484
1.1913388,0.3802868,-4.841084
1.1917113,0.37973192,-4.841036
1.1921885,0.37902084,-4.8409743
1.1925668,0.37845698,-4.840925
1.1928031,0.3781047,-4.840894
1.1933622,0.37727147,-4.8408213
1.193769,0.37666517,-4.8407683
1.194192,0.37603453,-4.840713
1.1945658,0.3754774,-4.840664
1.1950357,0.37477666,-4.8406024
1.1954503,0.37415868,-4.840548
1.1958297,0.37359282,-4.840498
1.1962891,0.37290782,-4.840437
1.1966909,0.3723086,-4.840384
1.1970925,0.3717095,-4.8403306
1.1974326,0.37120223,-4.8402853
1.1979058,0.37049648,-4.8402224
1.1983173,0.36988252,-4.8401675
1.1985875,0.3694794,-4.8401313
1.1991051,0.3687069,-4.840062
1.1993568,0.3683315,-4.8400283
1.1998885,0.36753798,-4.8399568
1.2002892,0.36693996,-4.839903
1.2007287,0.36628413,-4.8398438
1.2011107,0.36571383,-4.839792
1.2015193,0.36510408,-4.8397365
1.2019317,0.36448833,-4.8396807
1.2023339,0.36388797,-4.839626
1.2026461,0.36342177,-4.8395834
1.2031522,0.36266628,-4.8395147
1.203611,0.3619811,-4.839452
1.2039719,0.36144215,-4.839402
1.2043836,0.36082727,-4.8393455
1.204787,0.36022466,-4.83929
1.2052004,0.359607,-4.8392324
1.2055527,0.35908073,-4.839184
1.2060169,0.3583873,-4.83912
1.20632,0.35793424,-4.839078
1.2068287,0.35717428,-4.839007
1.2071481,0.3566971,-4.8389626
1.207626,0.35598308,-4.8388963
1.2080101,0.3554089,-4.8388424
1.2083615,0.3548835,-4.838793
1.208843,0.35416383,-4.8387256
1.2093526,0.3534019,-4.8386536
1.2097384,0.35282528,-4.8385997
1.2101077,0.35227305,-4.838547
1.2104161,0.35181195,-4.838504
1.210915,0.35107225,-4.838433
1.2113245,0.35046533,-4.8383746
1.2117215,0.34987655,-4.8383174
1.2121613,0.34922484,-4.838255
1.2125541,0.34864235,-4.838198
1.2129973,0.34798497,-4.838134
1.2134347,0.34733677,-4.8380713
1.2138273,0.34675473,-4.8380146
1.2141488,0.34627777,-4.8379683
1.2146057,0.34559995,-4.837902
1.2149453,0.34509623,-4.8378525
1.2153273,0.3445297,-4.837797
1.2157899,0.34384334,-4.8377295
1.2161635,0.34328905,-4.8376746
1.2166239,0.34260604,-4.837608
1.2169509,0.34212086,-4.8375597
1.2173866,0.3414741,-4.837496
1.217679,0.34104002,-4.8374524
1.2181954,0.34027383,-4.8373766
1.2185421,0.33975917,-4.8373256
1.2190621,0.33898738,-4.837249
1.2193643,0.33853877,-4.837204
1.2198458,0.3378242,-4.837133
1.2201517,0.33736977,-4.837087
1.2206147,0.33668235,-4.837018
1.2209909,0.33612365,-4.836962
1.2214395,0.33545744,-4.836895
1.2217271,0.33503038,-4.836852
1.222101,0.33447492,-4.836796
1.2225914,0.3337465,-4.8367224
1.2229632,0.33319438,-4.8366666
1.2232383,0.33278555,-4.836625
1.2237926,0.33196214,-4.8365417
1.2241919,0.33136863,-4.836481
1.2245109,0.33089447,-4.8364325
1.2248561,0.33038172,-4.8363805
1.2253896,0.32958892,-4.8362994
1.2256904,0.3291419,-4.8362536
1.2261413,0.32847163,-4.836185
1.2266062,0.3277806,-4.836114
1.2269988,0.32719702,-4.836054
1.2273953,0.32660756,-4.835993
1.2278016,0.3260034,-4.835931
1.2281097,0.3255451,-4.835883
1.228632,0.32476866,-4.835803
1.2290579,0.32413515,-4.835737
1.2294717,0.32351968,-4.835673
1.2298695,0.32292813,-4.8356113
1.2301611,0.32249418,-4.835566
1.2306206,0.32181078,-4.835495
1.231002,0.32124335,-4.8354354
1.2312995,0.3208008,-4.835389
1.2318043,0.3200495,-4.83531
1.2321694,0.31950626,-4.8352532
1.2325963,0.3188711,-4.8351865
1.2329013,0.3184171,-4.835139
1.233302,0.3178208,-4.835076
1.2337604,0.31713858,-4.835004
1.2341646,0.31653666,-4.83494
1.2346246,0.31585184,-4.834867
1.234973,0.31533316,-4.834812
1.2353868,0.31471682,-4.8347464
1.235763,0.31415695,-4.8346863
1.236115,0.31363267,-4.834631
1.2366678,0.3128095,-4.8345428
1.2370374,0.3122589,-4.8344836
1.2373593,0.31177944,-4.834432
1.2377982,0.3111255,-4.8343616
1.2381477,0.31060484,-4.834306
1.2385489,0.3100074,-4.8342414
1.2389557,0.3094012,-4.8341765
1.2393842,0.30876267,-4.8341074
1.2397332,0.3082425,-4.8340507
1.2401714,0.30758947,-4.83398
1.2404728,0.3071404,-4.8339314
1.2408612,0.30656153,-4.8338685
1.2413762,0.3057938,-4.8337846
1.2417188,0.3052831,-4.8337293
1.2421324,0.30466622,-4.833661
1.242479,0.30414987,-4.8336053
1.2429122,0.30350375,-4.8335342
1.2433097,0.30291095,-4.833469
1.2437053,0.30232123,-4.8334045
1.2441045,0.30172575,-4.8333387
1.2444918,0.30114806,-4.8332753
1.2448297,0.30064416,-4.8332195
1.2453035,0.29993713,-4.8331413
1.245665,0.29939818,-4.833082
1.2459787,0.29893,-4.8330297
1.2464918,0.29816455,-4.832945
1.2466514,0.29792613,-4.832918
1.2472293,0.29706395,-4.8328223
1.2476728,0.29640204,-4.8327484
1.2480295,0.2958697,-4.8326893
1.2483802,0.29534632,-4.8326306
1.2488233,0.29468483,-4.8325562
1.2492721,0.29401478,-4.8324814
1.2496146,0.29350346,-4.832423
1.2500594,0.29283962,-4.8323493
1.2503957,0.2923374,-4.8322926
1.2508655,0.29163563,-4.832213
1.2512331,0.29108667,-4.832151
1.2515849,0.29056135,-4.8320913
1.2520602,0.28985128,-4.832011
1.2522941,0.28950217,-4.831971
1.2528143,0.28872496,-4.8318825
1.2532206,0.28811806,-4.8318143
1.2535423,0.2876373,-4.831759
1.2539327,0.2870541,-4.8316927
1.2542915,0.28651786,-4.831631
1.2547816,0.28578553,-4.8315473
1.2551715,0.28520274,-4.8314805
1.2554967,0.2847167,-4.8314247
1.2558513,0.2841868,-4.8313637
1.2562232,0.28363073,-4.8312993
1.2567048,0.28291094,-4.831217
1.2570629,0.28237563,-4.831155
1.2575283,0.28167957,-4.8310747
1.2578392,0.28121468,-4.8310204
1.258236,0.28062126,-4.830951
1.2586875,0.27994618,-4.8308735
1.2590724,0.27937058,-4.8308063
1.2594082,0.27886814,-4.8307476
1.2596524,0.27850306,-4.8307047
1.2601871,0.277703,-4.830611
1.2605501,0.27716005,-4.8305483
1.2610066,0.27647713,-4.830468
1.2614238,0.27585274,-4.8303947
1.2617533,0.27535978,-4.830337
1.2621295,0.27479693,-4.830271
1.2624743,0.27428085,-4.83021
1.2629962,0.2734996,-4.8301177
1.2633059,0.27303624,-4.830063
1.2637788,0.2723283,-4.8299794
1.264131,0.27180105,-4.829917
1.2643857,0.27141953,-4.829871
1.2648292,0.27075568,-4.829793
1.2653248,0.2700134,-4.8297043
1.2656106,0.2695856,-4.8296537
1.2660768,0.26888734,-4.8295703
1.2664479,0.2683318,-4.829504
1.2667547,0.2678723,-4.829449
1.2672243,0.26716867,-4.829365
1.2676181,0.26657858,-4.8292937
1.2679558,0.26607296,-4.829233
1.2684076,0.265396,-4.8291516
1.2687837,0.2648325,-4.829084
1.2691015,0.26435626,-4.829026
1.2695723,0.26365075,-4.8289413
1.2699597,0.26307023,-4.828871
1.270343,0.26249564,-4.8288016
1.2706528,0.26203144,-4.828745
1.271028,0.2614687,-4.828677
1.2714111,0.26089454,-4.828607
1.27168,0.2604915,-4.8285584
1.2721634,0.25976682,-4.82847
1.2726521,0.25903365,-4.8283806
1.273002,0.25850928,-4.8283167
1.2734133,0.2578923,-4.828241
1.2738845,0.25718576,-4.828154
1.2742414,0.2566502,-4.8280888
1.2746042,0.25610608,-4.828022
1.274992,0.25552446,-4.82795
1.2753468,0.25499213,-4.8278847
1.2757652,0.25436452,-4.8278074
1.2760966,0.25386715,-4.827746
1.2764993,0.25326294,-4.827671
1.2767959,0.2528178,-4.8276157
1.2772753,0.25209826,-4.827527
1.2776699,0.25150603,-4.827453
1.2780374,0.2509544,-4.8273845
1.2783511,0.25048372,-4.8273263
1.2787781,0.2498428,-4.827246
1.2791951,0.24921648,-4.8271675
1.279589,0.24862495,-4.8270936
1.279912,0.24814032,-4.827034
1.2803518,0.24747983,-4.8269506
1.2807435,0.24689162,-4.826877
1.2811004,0.2463554,-4.8268094
1.2814401,0.24584529,-4.8267455
1.2818563,0.24521998,-4.8266664
1.2822745,0.24459198,-4.8265877
1.2826539,0.24402171,-4.826515
1.2829818,0.24352936,-4.826453
1.2834415,0.24283844,-4.8263655
1.2837939,0.24230891,-4.8262987
1.2842745,0.24158673,-4.826207
1.2845482,0.24117538,-4.826155
1.2850227,0.24046215,-4.826064
1.2853327,0.23999639,-4.826005
1.2857037,0.23943871,-4.8259335
1.2860669,0.23889266,-4.8258643
1.2864127,0.2383726,-4.8257976
1.2868619,0.23769753,-4.8257113
1.2871693,0.23723514,-4.825652
1.2875416,0.23667523,-4.8255796
1.2879579,0.23604944,-4.8254995
1.2884176,0.2353578,-4.8254104
1.2887726,0.23482418,-4.825342
1.2891692,0.23422754,-4.825265
1.2895582,0.23364252,-4.8251896
1.2898116,0.2332612,-4.82514
1.2902974,0.23253024,-4.8250456
1.2906994,0.23192556,-4.824967
1.2910916,0.23133537,-4.8248906
1.2914493,0.23079687,-4.8248205
1.2918336,0.2302184,-4.8247447
1.292273,0.22955708,-4.824659
1.2925699,0.22911058,-4.824601
1.292929,0.22856972,-4.8245296
1.2932903,0.22802612,-4.824459
1.293636,0.22750553,-4.824391
1.2940766,0.22684208,-4.8243036
1.2945096,0.22619024,-4.8242183
1.2948513,0.22567482,-4.824151
1.2952213,0.22511499,-4.8240776
1.2955989,0.2245438,-4.824003
1.295999,0.2239383,-4.8239236
1.2963498,0.22340752,-4.8238535
1.2967838,0.22275072,-4.8237677
1.2970775,0.22230624,-4.823709
1.297517,0.2216411,-4.8236217
1.297926,0.221022,-4.8235397
1.2982705,0.22050047,-4.823471
1.298666,0.21990173,-4.823392
1.2990842,0.21926878,-4.8233085
1.2994207,0.21875909,-4.8232408
1.2997628,0.2182409,-4.8231716
1.3001862,0.21759978,-4.8230867
1.3005303,0.21707901,-4.8230176
1.3009381,0.21646109,-4.822935
1.301363,0.2158176,-4.8228493
1.3016632,0.21536297,-4.8227887
1.3020331,0.21480264,-4.822714
1.3023877,0.21426532,-4.822642
1.3028686,0.2135367,-4.822544
1.3031383,0.21312821,-4.8224897
1.3036095,0.2124142,-4.8223934
1.30399,0.21183747,-4.8223166
1.3042951,0.21137503,-4.8222537
1.3046868,0.2107814,-4.822174
1.3050407,0.21024497,-4.822102
1.305483,0.20957462,-4.8220115
1.3057914,0.20910692,-4.821948
1.3062203,0.20845683,-4.82186
1.3065888,0.20789815,-4.8217845
1.3069439,0.20735951,-4.821711
1.3072408,0.20690933,-4.82165
1.3075846,0.20638803,-4.821579
1.3080953,0.20561339,-4.8214736
1.3084688,0.20504683,-4.8213964
1.3088442,0.20447755,-4.821319
1.3092027,0.20393401,-4.8212447
1.309572,0.20337352,-4.821168
1.3099489,0.2028018,-4.8210897
1.3102975,0.20227286,-4.8210173
1.3107471,0.20159052,-4.8209233
1.3111105,0.20103914,-4.820848
1.3114665,0.20049922,-4.8207736
1.3118314,0.19994521,-4.820697
1.312213,0.19936578,-4.820617
1.312561,0.19883764,-4.8205447
1.3129817,0.19819885,-4.820456
1.3133557,0.1976312,-4.8203773
1.3136996,0.1971091,-4.820305
1.3140638,0.19655588,-4.820228
1.3144058,0.19603685,-4.8201566
1.3148539,0.19535631,-4.8200617
1.3152028,0.19482619,-4.8199883
1.3156265,0.19418284,-4.819898
1.315856,0.1938343,-4.8198495
1.3162999,0.19316006,-4.8197556
1.316751,0.1924747,-4.8196597
1.3170547,0.19201317,-4.8195953
1.3173343,0.19158854,-4.8195357
1.3177775,0.19091493,-4.8194413
1.3181723,0.1903151,-4.8193574
1.318526,0.1897776,-4.8192816
1.3188963,0.1892148,-4.819202
1.3193111,0.18858427,-4.8191133
1.3196626,0.18805003,-4.8190384
1.3200438,0.18747069,-4.8189564
1.3204991,0.18677849,-4.8188586
1.3207926,0.1863322,-4.818795
1.3211324,0.18581538,-4.818722
1.321502,0.18525353,-4.818642
1.3217378,0.18489502,-4.818591
1.3222165,0.1841669,-4.818488
1.3226674,0.1834813,-4.8183904
1.3229716,0.18301873,-4.8183246
1.3234017,0.1823645,-4.818231
1.3237203,0.18187957,-4.818162
1.3240539,0.1813722,-4.8180895
1.3245058,0.18068461,-4.817991
1.3248317,0.18018878,-4.81792
1.325224,0.17959164,-4.8178344
1.3255405,0.17911011,-4.817765
1.3259771,0.1784457,-4.81767
1.3263785,0.17783494,-4.8175817
1.3267186,0.1773172,-4.8175077
1.3271307,0.17668986,-4.817417
1.3274226,0.17624548,-4.817353
1.3277864,0.17569155,-4.8172727
1.3282351,0.17500842,-4.817174
1.3284844,0.17462902,-4.817119
1.3289088,0.17398271,-4.817025
1.3293016,0.17338437,-4.816938
1.3295506,0.1730052,-4.816883
1.3301073,0.17215723,-4.81676
1.3304057,0.17170249,-4.816694
1.3308222,0.17106824,-4.816601
1.3310505,0.17072031,-4.8165503
1.3313859,0.17020977,-4.816476
1.3319029,0.16942167,-4.8163605
1.3322637,0.16887216,-4.8162804
1.3326113,0.16834238,-4.8162026
1.3329369,0.16784635,-4.81613
1.3331685,0.1674933,-4.816078
1.33374,0.16662212,-4.81595
1.3340762,0.16610965,-4.8158746
1.3343756,0.16565329,-4.8158073
1.3347244,0.16512144,-4.815729
1.3351119,0.16453096,-4.815642
1.3354566,0.16400495,-4.8155637
1.3357173,0.16360775,-4.815505
1.336262,0.16277717,-4.8153825
1.3366377,0.16220406,-4.8152976
1.3370025,0.16164786,-4.815215
1.3373615,0.16110015,-4.815133
1.3377442,0.16051628,-4.815047
1.3381269,0.15993254,-4.8149595
1.3384144,0.15949415,-4.8148947
1.3388664,0.1588046,-4.8147917
1.3392065,0.15828548,-4.814714
1.3395704,0.1577302,-4.814631
1.3399304,0.15718065,-4.8145485
1.340296,0.15662286,-4.8144655
1.3406724,0.15604848,-4.8143787
1.3409555,0.15561639,-4.8143144
1.3413608,0.15499766,-4.8142214
1.3416693,0.15452676,-4.8141503
1.3421218,0.15383591,-4.8140464
1.3424319,0.15336247,-4.8139753
1.3428222,0.15276662,-4.813885
1.3432943,0.15204567,-4.8137765
1.3435967,0.15158372,-4.8137064
1.3439374,0.15106344,-4.8136277
1.3443143,0.15048766,-4.8135405
1.3446822,0.14992593,-4.8134556
1.3450772,0.14932263,-4.813364
1.3454664,0.14872782,-4.8132734
1.3456119,0.14850551,-4.8132396
1.346103,0.14775535,-4.8131256
1.3464139,0.14728037,-4.8130527
1.3468628,0.14659446,-4.812948
1.347148,0.14615859,-4.8128815
1.3475876,0.1454869,-4.812779
1.3479542,0.14492637,-4.812693
1.3483407,0.1443355,-4.8126025
1.3486328,0.14388895,-4.8125343
1.3489866,0.14334823,-4.8124514
1.3493401,0.14280763,-4.8123684
1.349719,0.14222836,-4.8122787
1.3501122,0.14162707,-4.8121862
1.3504817,0.14106196,-4.812099
1.3508565,0.14048868,-4.812011
1.3512062,0.1399543,-4.8119287
1.3515753,0.1393896,-4.811841
1.3519388,0.13883333,-4.8117547
1.3522917,0.13829382,-4.8116717
1.3525901,0.13783738,-4.8116007
1.3529389,0.1373036,-4.8115177
1.3533689,0.13664557,-4.8114157
1.3537611,0.13604577,-4.811322
1.3541024,0.13552347,-4.811241
1.3543444,0.13515325,-4.8111835
1.3548189,0.13442677,-4.81107
1.3551779,0.13387723,-4.8109846
1.3555621,0.13328919,-4.810892
1.3558812,0.13280065,-4.810816
1.3561733,0.13235359,-4.810746
1.3565841,0.13172457,-4.810647
1.3569767,0.13112327,-4.810553
1.3573389,0.13056903,-4.8104663
1.3576736,0.13005626,-4.810385
1.3580444,0.1294885,-4.810296
1.3583555,0.12901178,-4.8102207
1.3587981,0.1283341,-4.8101144
1.3591505,0.1277943,-4.810029
1.3595153,0.12723534,-4.8099403
1.3598567,0.1267123,-4.8098574
1.3602465,0.12611511,-4.8097634
1.3605285,0.12568313,-4.809695
1.3608859,0.12513572,-4.8096085
1.3612932,0.12451142,-4.809509
1.3616663,0.123939544,-4.809418
1.3619893,0.12344476,-4.8093395
1.3623387,0.12290886,-4.809254
1.3627529,0.1222742,-4.809153
1.3630592,0.12180449,-4.809078
1.3634604,0.121189356,-4.80898
1.3638741,0.12055518,-4.8088784
1.3641553,0.120124266,-4.80881
1.3645418,0.119531535,-4.808715
1.3648708,0.119026735,-4.808634
1.3652875,0.118387684,-4.8085313
1.365597,0.117913306,-4.8084555
1.365924,0.11741161,-4.8083744
1.366276,0.11687166,-4.8082876
1.3666815,0.11624965,-4.8081875
1.3670546,0.11567712,-4.8080955
1.3673937,0.11515676,-4.8080115
1.3677793,0.114565335,-4.807916
1.3681128,0.11405343,-4.8078327
1.3684642,0.1135143,-4.807746
1.3688207,0.112967074,-4.8076572
1.3691754,0.11242272,-4.807569
1.3695531,0.111842945,-4.807475
1.3698186,0.11143557,-4.8074093
1.3702459,0.110779524,-4.807302
1.3705982,0.110238425,-4.8072143
1.370956,0.10969027,-4.807125
1.3712761,0.10919977,-4.807044
1.3716425,0.10863857,-4.8069525
1.3720264,0.10805027,-4.806856
1.3723074,0.10762005,-4.806786
1.3726485,0.10709734,-4.8067
1.3730056,0.10655029,-4.8066106
1.3734441,0.10587819,-4.8065
1.373801,0.10533142,-4.80641
1.3741559,0.104787506,-4.8063207
1.3745104,0.10424371,-4.8062305
1.3748068,0.103789754,-4.8061557
1.3751559,0.103254355,-4.806067
1.3755777,0.10260772,-4.8059607
1.3759357,0.10205903,-4.8058696
1.3762509,0.10157564,-4.80579
1.3766493,0.100964785,-4.805689
1.3770245,0.100389354,-4.805593
1.3773023,0.099963315,-4.8055224
1.3776578,0.099417984,-4.805432
1.378038,0.09883483,-4.805335
1.3783917,0.09829249,-4.805245
1.378745,0.097750284,-4.8051543
1.3790947,0.097213626,-4.8050647
1.379381,0.09677465,-4.8049917
1.3797395,0.096224695,-4.8048997
1.3801594,0.09558008,-4.8047915
1.3805777,0.09493837,-4.8046846
1.3808651,0.09449713,-4.8046103
1.3812567,0.09389632,-4.80451
1.381625,0.09333083,-4.8044147
1.3819442,0.09284123,-4.8043327
1.3822858,0.092316575,-4.8042445
1.3826363,0.09177853,-4.804154
1.3829321,0.09132441,-4.8040776
1.3833421,0.09069473,-4.8039713
1.38368,0.09017599,-4.8038836
1.38403,0.08963847,-4.803793
1.3843589,0.08913347,-4.8037076
1.3847859,0.088477425,-4.8035965
1.3851075,0.0879835,-4.803513
1.3854485,0.08746,-4.8034244
1.3857574,0.08698517,-4.8033433
1.3861455,0.086389095,-4.803242
1.3865054,0.08583631,-4.8031487
1.3868017,0.08538071,-4.803071
1.3871262,0.08488207,-4.8029857
1.3875611,0.08421382,-4.802872
1.387952,0.0836131,-4.8027697
1.3883479,0.08300446,-4.8026657
1.3885881,0.0826356,-4.8026032
1.3890327,0.08195187,-4.802486
1.3892955,0.0815482,-4.802417
1.389663,0.08098318,-4.80232
1.3899534,0.08053664,-4.802243
1.3903941,0.079858944,-4.8021274
1.3907421,0.07932393,-4.802036
1.3910863,0.07879442,-4.8019443
1.3913693,0.07835907,-4.8018694
1.3917661,0.0777492,-4.8017645
1.3920909,0.07724962,-4.8016787
1.3924716,0.07666422,-4.8015776
1.3927854,0.07618098,-4.8014936
1.3931798,0.07557439,-4.8013887
1.3935025,0.07507798,-4.8013034
1.3938773,0.07450121,-4.8012037
1.3940847,0.07418203,-4.8011484
1.3945204,0.07351167,-4.801032
1.3948792,0.07295943,-4.800936
1.395111,0.07260296,-4.800874
1.3956196,0.07183441,-4.8007383
1.3959086,0.071417406,-4.80066
1.396401,0.070706524,-4.8005276
1.3967193,0.07024696,-4.8004417
1.3971319,0.06965125,-4.80033
1.397354,0.06933076,-4.8002706
1.3978033,0.068681866,-4.800149
1.3981324,0.06820666,-4.80006
1.39843,0.06777692,-4.799979
1.3988994,0.06709908,-4.799852
1.3992705,0.06656282,-4.7997513
1.3996363,0.06603466,-4.7996516
1.4000072,0.06549862,-4.799551
1.4003838,0.0649547,-4.799448
1.400753,0.06442156,-4.799348
1.401096,0.06392583,-4.7992544
1.4013984,0.06348883,-4.799172
1.4018649,0.06281482,-4.7990446
1.402228,0.062290125,-4.7989454
1.4026167,0.061728254,-4.7988386
1.4028435,0.061400786,-4.7987766
1.4033296,0.060698062,-4.798644
1.4037132,0.060158268,-4.7985387
1.404172,0.059534144,-4.798412
1.4045526,0.05901636,-4.798307
1.4048922,0.058554415,-4.798213
1.405298,0.0580023,-4.798101
1.4056511,0.057521943,-4.7980037
1.4060723,0.056948792,-4.797887
1.4064575,0.05645352,-4.79778
1.4068903,0.05589742,-4.797659
1.4072695,0.05541025,-4.797554
1.407689,0.054889254,-4.7974367
1.408243,0.054215625,-4.7972817
1.408696,0.05368855,-4.7971544
1.4091446,0.053180397,-4.7970285
1.4095769,0.052709732,-4.796907
1.4100416,0.052226715,-4.796776
1.4107263,0.051556095,-4.7965813
1.4112036,0.051117003,-4.796446
1.4118121,0.050587535,-4.7962723
1.4124049,0.05009545,-4.796103
1.4130752,0.049559876,-4.795911
1.4137301,0.04904536,-4.795723
1.4144014,0.04853402,-4.7955303
1.4150865,0.048012175,-4.795334
1.4158125,0.04745904,-4.795125
1.4164842,0.046947338,-4.794932
1.41719,0.04640952,-4.794728
1.417787,0.045954756,-4.7945557
1.418543,0.045372263,-4.794338
1.4192092,0.044846356,-4.7941456
1.4197899,0.04438806,-4.793978
1.4206182,0.043734316,-4.793739
1.4211428,0.043320112,-4.793587
1.4218161,0.042788576,-4.793392
1.4222814,0.042421132,-4.793257
1.4230739,0.041795578,-4.793028
1.4235954,0.04138366,-4.7928762
1.4243844,0.040760465,-4.792647
1.425055,0.04023102,-4.7924523
1.4257188,0.03970668,-4.792259
1.4264126,0.03915876,-4.7920575
1.4270468,0.0386577,-4.791873
1.4277016,0.038130097,-4.7916813
1.4283909,0.037565533,-4.7914805
1.4290068,0.037061,-4.791301
1.4296387,0.036543313,-4.7911167
1.4302546,0.03603861,-4.7909365
1.4309633,0.035457976,-4.790729
1.4314102,0.035091754,-4.7905984
1.4321795,0.034461223,-4.790373
1.4327862,0.03396404,-4.7901955
1.43354,0.033346377,-4.789974
1.4340799,0.03290399,-4.789816
1.4347153,0.032382995,-4.7896285
1.4354117,0.031812157,-4.789424
1.4359131,0.03140098,-4.7892756
1.4366226,0.030819487,-4.7890673
1.437268,0.030290287,-4.788877
1.4379102,0.029763615,-4.7886877
1.4386837,0.0291294,-4.78846
1.4392045,0.028702144,-4.788305
1.4396873,0.028306298,-4.7881627
1.4404864,0.027650807,-4.7879257
1.4410973,0.027149923,-4.787745
1.4418615,0.02652305,-4.7875185
1.4423412,0.026129551,-4.7873764
1.4430414,0.025554953,-4.787168
1.4437419,0.024980253,-4.7869596
1.4443368,0.024492068,-4.7867827
1.4448649,0.024058942,-4.786626
1.4457319,0.02334743,-4.786368
1.4462982,0.022882631,-4.786199
1.4467846,0.022483427,-4.7860537
1.4475751,0.021834614,-4.785818
1.4482408,0.021288138,-4.7856183
1.4487625,0.020859828,-4.7854624
1.4494382,0.020305306,-4.7852607
1.4499407,0.019892631,-4.7851095
1.4507315,0.019243289,-4.7848725
1.4513879,0.018704262,-4.7846756
1.4518716,0.018307164,-4.7845306
1.4525924,0.017715368,-4.784314
1.4531689,0.017241852,-4.7841406
1.4538865,0.016652493,-4.783925
1.4544535,0.016186714,-4.783754
1.4552385,0.015541883,-4.7835174
1.4557225,0.015144499,-4.783372
1.456469,0.0145314345,-4.783146
1.4570749,0.014034054,-4.7829633
1.4575813,0.013618177,-4.78281
1.4584692,0.012888752,-4.7825413
1.4590013,0.012451545,-4.78238
1.4596362,0.011929981,-4.7821875
1.4603771,0.011321382,-4.7819633
1.4610472,0.010770644,-4.7817597
1.461586,0.0103278775,-4.7815957
1.4622982,0.009742701,-4.7813797
1.462946,0.009210149,-4.7811823
1.4635718,0.008695969,-4.7809916
1.464252,0.008136871,-4.7807846
1.4648296,0.007662089,-4.780608
1.4655035,0.007108087,-4.7804027
1.466065,0.006646379,-4.780231
1.4667231,0.0061054835,-4.78003
1.4673939,0.0055539412,-4.7798247
1.4679945,0.0050603757,-4.779641
1.4686589,0.0045139347,-4.779437
1.4692916,0.003993807,-4.7792435
1.4699692,0.0034366224,-4.7790356
1.4706209,0.0029005143,-4.778835
1.4713051,0.0023379026,-4.778625
1.4720343,0.0017382042,-4.7784004
1.4724423,0.0014026419,-4.778275
1.4731362,0.0008318423,-4.7780614
1.4739332,0.00017636479,-4.7778153
1.474576,-0.0003523377,-4.7776175
1.4750967,-0.0007806498,-4.7774568
1.4757297,-0.0013015651,-4.777261
1.4763886,-0.0018437174,-4.7770567
1.4770411,-0.0023806535,-4.776855
1.4777966,-0.0030023397,-4.776621
1.4784269,-0.0035209432,-4.776426
1.4790057,-0.003997284,-4.776246
1.4797034,-0.0045716316,-4.776029
1.4802985,-0.0050613615,-4.775844
1.480987,-0.0056279525,-4.7756305
1.4815466,-0.0060887104,-4.7754564
1.482177,-0.0066078017,-4.77526
1.4826951,-0.0070342603,-4.775099
1.4834833,-0.0076833246,-4.7748523
1.4840883,-0.0081814695,-4.774664
1.4847256,-0.0087061925,-4.7744646
1.485379,-0.009244253,-4.7742605
1.4860421,-0.009790355,-4.774053
1.4866569,-0.010296773,-4.7738605
1.4874294,-0.01093322,-4.7736177
1.4879965,-0.011400029,-4.773441
1.4887016,-0.011980975,-4.773219
1.4893391,-0.012506303,-4.7730193
1.4900028,-0.013052946,-4.772811
1.4905694,-0.013519916,-4.772632
1.4913297,-0.014146296,-4.7723927
1.4919386,-0.014648073,-4.772201
1.4924347,-0.015056983,-4.7720447
1.4931017,-0.015606702,-4.771834
1.4938107,-0.016191045,-4.7716103
1.4945005,-0.016759548,-4.771393
1.494913,-0.017099636,-4.771262
1.4958155,-0.017843695,-4.770976
1.496386,-0.018314132,-4.770796
1.4969987,-0.018819198,-4.7706017
1.4976499,-0.019356243,-4.770395
1.4982786,-0.019874763,-4.7701955
1.4989204,-0.020404002,-4.769992
1.4995978,-0.020962246,-4.7697763
1.5001235,-0.02139561,-4.769609
1.5007461,-0.021908808,-4.769411
1.5013558,-0.022411443,-4.7692165
1.5020785,-0.02300726,-4.768986
1.5028045,-0.023605844,-4.768755
1.5034497,-0.024138004,-4.7685485
1.5041049,-0.02467824,-4.768339
1.5047407,-0.025202585,-4.7681355
1.5053798,-0.025729677,-4.767931
1.5060383,-0.02627283,-4.76772
1.5066808,-0.026802754,-4.767514
1.507317,-0.027327435,-4.7673106
1.5079725,-0.027868181,-4.7671003
1.5086279,-0.02840901,-4.766889
1.5092058,-0.028885974,-4.766703
1.509952,-0.029501596,-4.7664633
1.5104074,-0.029877422,-4.766317
1.5113282,-0.030637197,-4.7660203
1.5119034,-0.03111181,-4.7658353
1.5124784,-0.031586487,-4.765649
1.5131352,-0.03213573,-4.765437
1.513726,-0.032642066,-4.765246
1.5143234,-0.03315379,-4.765053
1.5149608,-0.03370023,-4.764846
1.5155114,-0.034172095,-4.7646675
1.5163422,-0.034883987,-4.764398
1.5169145,-0.035374653,-4.7642126
1.5174403,-0.035825364,-4.7640414
1.5180999,-0.03639082,-4.763827
1.5187409,-0.036940347,-4.7636185
1.5194256,-0.0375273,-4.763396
1.5200076,-0.038026266,-4.763206
1.5206145,-0.038546648,-4.763008
1.521212,-0.039059084,-4.762813
1.5218283,-0.0395876,-4.762612
1.522429,-0.040102825,-4.7624154
1.5231607,-0.040730268,-4.7621765
1.5237023,-0.041194893,-4.761999
1.524412,-0.041803792,-4.7617664
1.5249476,-0.042263195,-4.761591
1.5254987,-0.042736005,-4.76141
1.5262116,-0.04334779,-4.7611756
1.5268003,-0.043852784,-4.7609825
1.5275258,-0.044475425,-4.760744
1.528127,-0.044991244,-4.7605467
1.5287436,-0.045520484,-4.7603436
1.5293665,-0.046055138,-4.7601385
1.5299802,-0.046581842,-4.759936
1.5305876,-0.04710325,-4.7597356
1.5311484,-0.04758462,-4.7595506
1.5317869,-0.048132896,-4.7593393
1.5324038,-0.04866253,-4.7591357
1.5330862,-0.049248405,-4.75891
1.5336937,-0.04977014,-4.7587085
1.5342951,-0.050286584,-4.7585096
1.5350118,-0.05090212,-4.758271
1.5356226,-0.05142673,-4.7580686
1.5361743,-0.051900543,-4.7578855
1.5366573,-0.052315503,-4.757725
1.5373962,-0.052950066,-4.7574797
1.5380694,-0.05352848,-4.757255
1.5386461,-0.05402395,-4.757063
1.5392507,-0.05454358,-4.7568617
1.5398712,-0.055076666,-4.7566547
1.5404199,-0.055548184,-4.756471
1.5412056,-0.05622342,-4.7562094
1.5417356,-0.056678988,-4.7560315
1.5424436,-0.057287384,-4.755795
1.5430984,-0.05785029,-4.7555757
1.5436349,-0.058311388,-4.755396
1.5442181,-0.05881276,-4.755201
1.5449042,-0.05940268,-4.7549706
1.5455186,-0.059930984,-4.7547636
1.54618,-0.060499594,-4.754542
1.5467602,-0.060998533,-4.754347
1.5473996,-0.061548498,-4.7541313
1.5480174,-0.06207975,-4.7539234
1.5486633,-0.06263522,-4.753706
1.5492715,-0.06315855,-4.7535005
1.5498986,-0.063698046,-4.7532887
1.5505197,-0.064232245,-4.7530794
1.5510004,-0.06464568,-4.752917
1.5517836,-0.06531962,-4.752652
1.5524607,-0.06590234,-4.7524223
1.5528352,-0.06622463,-4.752296
1.5536406,-0.066917606,-4.752023
1.5542711,-0.06746025,-4.751809
1.5548861,-0.06798952,-4.7516007
1.5554385,-0.068465106,-4.7514124
1.5560817,-0.069018684,-4.751194
1.5567343,-0.069580406,-4.7509723
1.5573586,-0.070117995,-4.75076
1.5580392,-0.07070403,-4.7505274
1.5586108,-0.07119605,-4.7503333
1.5592976,-0.0717876,-4.7500987
1.5598692,-0.07227974,-4.749903
1.5604594,-0.07278807,-4.7497015
1.5611589,-0.073390596,-4.7494626
1.5617087,-0.07386408,-4.7492747
1.5622897,-0.07436451,-4.749076
1.5630393,-0.07501031,-4.748819
1.5636171,-0.07550818,-4.7486205
1.5642669,-0.07606801,-4.748398
1.5649325,-0.07664137,-4.7481694
1.5655167,-0.0771448,-4.7479687
1.5661852,-0.077720985,-4.7477384
1.5668571,-0.07829995,-4.747507
1.5674353,-0.078798175,-4.7473087
1.5680946,-0.0793665,-4.7470813
1.5684915,-0.079708606,-4.7469444
1.5691696,-0.08029319,-4.7467103
1.569804,-0.08084014,-4.746491
1.5705668,-0.081497654,-4.746228
1.5710199,-0.08188843,-4.746071
1.5718575,-0.08261077,-4.745781
1.5722234,-0.08292616,-4.7456546
1.5729673,-0.08356779,-4.7453966
1.573646,-0.08415289,-4.745162
1.5742431,-0.08466794,-4.7449546
1.5748308,-0.08517496,-4.74475
1.5753747,-0.08564427,-4.744561
1.576122,-0.08628897,-4.7443013
1.5765911,-0.08669365,-4.744138
1.5773855,-0.087378986,-4.7438617
1.5778733,-0.08779995,-4.7436914
1.578649,-0.08846925,-4.7434206
1.5792432,-0.08898209,-4.743213
1.5798781,-0.089530066,-4.7429914
1.5805068,-0.090072736,-4.742772
1.581195,-0.090666756,-4.7425313
1.5817894,-0.09117984,-4.742323
1.5824307,-0.091733485,-4.7420983
1.5830345,-0.092254795,-4.7418866
1.5836478,-0.09278427,-4.7416716
1.5843112,-0.09335703,-4.7414393
1.5848963,-0.0938623,-4.7412333
1.5853937,-0.09429195,-4.7410583
1.5861355,-0.094932474,-4.740798
1.5868208,-0.095524415,-4.7405567
1.5874312,-0.09605155,-4.7403417
1.5880226,-0.096562535,-4.740133
1.5886955,-0.097143866,-4.7398953
1.5893215,-0.097684704,-4.7396746
1.5898098,-0.09810661,-4.739502
1.5905267,-0.098726004,-4.7392488
1.5911465,-0.09926162,-4.739029
1.5916222,-0.09967284,-4.7388606
1.592189,-0.10016256,-4.7386603
1.5930094,-0.10087155,-4.7383695
1.5936292,-0.1014074,-4.7381496
1.5941896,-0.1018919,-4.737951
1.5948099,-0.102427885,-4.7377305
1.5954016,-0.102939546,-4.73752
1.5960279,-0.10348107,-4.7372975
1.5968204,-0.104166165,-4.7370152
1.5972619,-0.10454802,-4.736858
1.598048,-0.10522786,-4.7365775
1.5987027,-0.10579403,-4.7363443
1.5993072,-0.106316894,-4.7361283
1.5997269,-0.10667996,-4.7359786
1.6005728,-0.1074116,-4.7356763
1.6011586,-0.10791839,-4.735467
1.6018541,-0.10852012,-4.735218
1.6023898,-0.10898365,-4.735026
1.6031169,-0.109612614,-4.734765
1.6037371,-0.110149466,-4.734543
1.6042699,-0.110610455,-4.7343516
1.6046615,-0.110949434,-4.7342105
1.605608,-0.11176853,-4.7338705
1.6061752,-0.11225951,-4.7336664
1.6068333,-0.112829216,-4.7334294
1.6074194,-0.113336585,-4.7332187
1.6081153,-0.11393899,-4.7329674
1.608739,-0.11447906,-4.732743
1.6092875,-0.114954025,-4.732545
1.609952,-0.11552948,-4.7323046
1.6105821,-0.11607514,-4.7320766
1.6112686,-0.116669744,-4.731828
1.611742,-0.117079765,-4.731657
1.6123724,-0.11762561,-4.731429
1.6129273,-0.11810632,-4.7312274
1.6137959,-0.11885873,-4.7309127
1.6142474,-0.119249925,-4.7307487
1.6149498,-0.1198585,-4.7304935
1.615555,-0.12038291,-4.7302732
1.6163204,-0.121046,-4.7299957
1.616841,-0.121497154,-4.729806
1.6173177,-0.121910304,-4.7296324
1.6180955,-0.12258447,-4.729349
1.6185628,-0.12298956,-4.7291784
1.6193689,-0.123688325,-4.728884
1.6199679,-0.12420773,-4.728665
1.6207148,-0.12485501,-4.7283926
1.6212449,-0.12531468,-4.7281985
1.6218566,-0.12584513,-4.7279744
1.6224967,-0.12640013,-4.7277403
1.6231304,-0.12694973,-4.7275076
1.6237612,-0.1274967,-4.727277
1.6243699,-0.12802465,-4.727053
1.6249818,-0.12855542,-4.7268286
1.6256596,-0.12914339,-4.7265797
1.6263217,-0.1297178,-4.726336
1.6268928,-0.13021334,-4.7261257
1.627618,-0.13084236,-4.7258587
1.6281389,-0.13129441,-4.7256665
1.6287854,-0.13185547,-4.725428
1.6294259,-0.13241115,-4.725192
1.6300033,-0.1329124,-4.7249784
1.6307757,-0.13358264,-4.7246933
1.631237,-0.13398318,-4.7245226
1.6320156,-0.134659,-4.7242346
1.6326592,-0.13521773,-4.723996
1.633196,-0.13568382,-4.7237973
1.6338115,-0.13621812,-4.723569
1.6344268,-0.13675247,-4.7233405
1.6349072,-0.13716964,-4.723162
1.6355604,-0.13773683,-4.72292
1.6361287,-0.13823044,-4.7227087
1.636917,-0.13891502,-4.722415
1.6375482,-0.1394633,-4.72218
1.6379628,-0.1398234,-4.722026
1.6386945,-0.1404591,-4.721753
1.63942,-0.14108942,-4.7214823
1.640086,-0.14166796,-4.721234
1.6405476,-0.14206918,-4.721061
1.6413331,-0.14275156,-4.720768
1.6419456,-0.14328389,-4.7205386
1.6425834,-0.14383811,-4.7202997
1.6430607,-0.14425313,-4.720121
1.6438211,-0.14491397,-4.719836
1.6444589,-0.14546838,-4.719597
1.6449051,-0.14585623,-4.7194295
1.6454799,-0.14635609,-4.7192135
1.6463253,-0.14709099,-4.718896
1.6468751,-0.14756912,-4.718689
1.6476073,-0.1482058,-4.7184134
1.6482579,-0.14877151,-4.7181687
1.6488423,-0.14927986,-4.7179484
1.6494018,-0.14976642,-4.717737
1.6500901,-0.1503651,-4.7174773
1.6506999,-0.15089549,-4.717247
1.6513598,-0.1514697,-4.7169976
1.651976,-0.15200569,-4.7167645
1.6524475,-0.1524159,-4.716586
1.6531107,-0.15299302,-4.7163353
1.6537081,-0.15351276,-4.7161093
1.6545599,-0.15425414,-4.7157855
1.6551226,-0.15474391,-4.7155724
1.6557955,-0.1553295,-4.715317
1.6563772,-0.15583578,-4.715096
1.6570656,-0.15643516,-4.714834
1.6577291,-0.15701273,-4.7145815
1.6582919,-0.15750276,-4.7143674
1.6587825,-0.15792987,-4.7141805
1.6595781,-0.1586226,-4.713877
1.6601723,-0.15914017,-4.7136507
1.6608675,-0.15974542,-4.7133856
1.6614556,-0.16025764,-4.7131605
1.662028,-0.16075619,-4.712942
1.6627954,-0.16142465,-4.712648
1.6633457,-0.16190413,-4.7124376
1.6638994,-0.16238642,-4.712226
1.6646637,-0.16305235,-4.7119327
1.6652709,-0.16358131,-4.7117
1.6658497,-0.16408566,-4.7114773
1.6665639,-0.16470797,-4.7112036
1.6670136,-0.16510001,-4.7110305
1.6678725,-0.16584857,-4.7107
1.6683979,-0.16630651,-4.710498
1.6690618,-0.16688518,-4.7102423
1.669537,-0.16729936,-4.710059
1.6703424,-0.16800158,-4.7097483
1.6709278,-0.16851187,-4.709523
1.6713996,-0.16892341,-4.7093406
1.6721675,-0.16959293,-4.709044
1.6728189,-0.17016098,-4.708792
1.6733098,-0.17058912,-4.708602
1.6739991,-0.17119022,-4.7083354
1.6747763,-0.17186828,-4.708034
1.6752297,-0.1722636,-4.7078586
1.6760479,-0.17297748,-4.707541
1.6766241,-0.17348,-4.707318
1.6771339,-0.1739249,-4.707119
1.6776847,-0.17440554,-4.706905
1.6783583,-0.17499335,-4.706643
1.6790321,-0.17558125,-4.7063813
1.6797088,-0.1761719,-4.706117
1.6802692,-0.176661,-4.705899
1.6810155,-0.17731227,-4.7056084
1.6815696,-0.17779595,-4.705392
1.6822402,-0.17838141,-4.70513
1.6827942,-0.17886518,-4.7049136
1.6835248,-0.17950296,-4.7046275
1.6841767,-0.1800721,-4.7043724
1.6847907,-0.1806083,-4.7041326
1.685411,-0.18115005,-4.7038894
1.6861007,-0.18175235,-4.703619
1.6866236,-0.18220894,-4.703414
1.6872973,-0.18279761,-4.7031493
1.6878045,-0.18324055,-4.70295
1.6885477,-0.18388987,-4.702658
1.6890265,-0.18430813,-4.70247
1.6897824,-0.18496858,-4.7021723
1.6902485,-0.1853759,-4.7019887
1.691036,-0.186064,-4.7016783
1.6917353,-0.18667513,-4.701402
1.6923023,-0.18717068,-4.7011786
1.6928977,-0.18769106,-4.7009435
1.6936475,-0.18834645,-4.7006474
1.6942334,-0.18885866,-4.7004156
1.6948195,-0.18937095,-4.7001834
1.6954622,-0.18993287,-4.699929
1.6959033,-0.19031852,-4.699754
1.6967382,-0.1910486,-4.699424
1.6974376,-0.19166028,-4.699146
1.698071,-0.19221416,-4.6988945
1.6987139,-0.19277638,-4.6986394
1.6991267,-0.19313744,-4.698475
1.7000027,-0.19390373,-4.698127
1.7004973,-0.1943365,-4.6979294
1.7011434,-0.1949017,-4.697672
1.7018588,-0.19552761,-4.6973867
1.7023789,-0.1959826,-4.6971793
1.702965,-0.19649558,-4.6969457
1.7036773,-0.1971189,-4.696661
1.7042575,-0.19762644,-4.6964297
1.7048688,-0.19816162,-4.696185
1.7055339,-0.19874373,-4.695919
1.7061548,-0.19928731,-4.69567
1.7067916,-0.19984475,-4.6954155
1.7074347,-0.20040773,-4.6951575
1.7080146,-0.20091556,-4.694925
1.7085159,-0.20135446,-4.6947236
1.7091464,-0.20190655,-4.6944704
1.7099504,-0.20261057,-4.694147
1.7103193,-0.20293361,-4.693999
1.7111169,-0.20363224,-4.693678
1.7117443,-0.2041818,-4.693425
1.7125673,-0.20490268,-4.693094
1.7130244,-0.20530319,-4.6929092
1.7136961,-0.20589161,-4.6926384
1.7143298,-0.20644693,-4.6923823
1.7149543,-0.206994,-4.69213
1.7154493,-0.20742786,-4.6919303
1.7161336,-0.20802754,-4.6916533
1.716815,-0.20862454,-4.6913776
1.7174835,-0.20921054,-4.691107
1.718231,-0.2098657,-4.690804
1.7186694,-0.21025,-4.690626
1.719379,-0.21087211,-4.6903377
1.7201484,-0.21154684,-4.6900253
1.7203754,-0.21174595,-4.689933
1.7213093,-0.21256462,-4.6895537
1.7219652,-0.21313995,-4.689286
1.7225395,-0.21364343,-4.6890526
1.7230284,-0.21407226,-4.6888537
1.7237949,-0.21474458,-4.6885405
1.7243533,-0.21523438,-4.6883135
1.7249336,-0.21574356,-4.688076
1.7258046,-0.21650745,-4.6877203
1.7263408,-0.21697801,-4.687501
1.7269466,-0.2175095,-4.6872535
1.7275271,-0.21801889,-4.687016
1.7282684,-0.21866955,-4.6867123
1.7288964,-0.2192206,-4.686455
1.7295431,-0.21978831,-4.6861897
1.7301553,-0.2203256,-4.6859384
1.7308022,-0.22089344,-4.6856728
1.7315279,-0.22153056,-4.6853743
1.732017,-0.22195998,-4.6851735
1.7325093,-0.2223922,-4.684971
1.7332888,-0.22307661,-4.68465
1.7338759,-0.22359206,-4.6844087
1.7345352,-0.22417128,-4.6841364
1.735176,-0.22473395,-4.683872
1.7357914,-0.22527444,-4.683618
1.7364542,-0.22585663,-4.683345
1.737057,-0.22638619,-4.683095
1.7376757,-0.22692965,-4.68284
1.7382942,-0.22747315,-4.6825833
1.7389224,-0.22802503,-4.6823235
1.7395599,-0.2285853,-4.6820593
1.7400367,-0.22900416,-4.681862
1.7408478,-0.2297171,-4.681525
1.7415454,-0.23033023,-4.6812353
1.7421485,-0.2308602,-4.6809855
1.7427197,-0.23136245,-4.6807475
1.7434428,-0.23199795,-4.6804466
1.7439952,-0.23248367,-4.6802173
1.7445571,-0.23297773,-4.679983
1.7451411,-0.23349129,-4.67974
1.745842,-0.23410758,-4.679447
1.7464988,-0.2346851,-4.6791735
1.7472249,-0.23532376,-4.67887
1.7475976,-0.23565145,-4.6787148
1.7484405,-0.23639297,-4.6783624
1.7490785,-0.23695403,-4.678096
1.7497289,-0.23752627,-4.677823
1.7503066,-0.23803464,-4.6775813
1.7509352,-0.23858754,-4.677318
1.7512478,-0.2388626,-4.677187
1.7521098,-0.23962119,-4.676825
1.7528172,-0.2402437,-4.676528
1.753452,-0.24080238,-4.6762614
1.7541467,-0.24141388,-4.6759696
1.7547562,-0.2419504,-4.675713
1.7553782,-0.24249807,-4.675451
1.7559943,-0.24304026,-4.675192
1.7566195,-0.24359083,-4.6749277
1.7572639,-0.24415815,-4.6746564
1.7579935,-0.2448006,-4.674348
1.7586188,-0.24535134,-4.674084
1.7592221,-0.24588265,-4.6738296
1.7597939,-0.2463862,-4.673588
1.7603182,-0.24684803,-4.6733656
1.761073,-0.24751303,-4.673046
1.7616986,-0.24806403,-4.672781
1.7622514,-0.24855106,-4.672547
1.7630095,-0.24921903,-4.6722255
1.763575,-0.24971727,-4.671985
1.764112,-0.2501905,-4.6717567
1.7649524,-0.25093105,-4.6714
1.765502,-0.25141552,-4.6711664
1.7662885,-0.25210887,-4.670831
1.7668194,-0.25257674,-4.670605
1.7674356,-0.25311983,-4.670343
1.7680295,-0.25364345,-4.6700897
1.7686455,-0.25418663,-4.6698265
1.7692648,-0.25473264,-4.6695623
1.7699378,-0.2553261,-4.669275
1.770535,-0.2558527,-4.6690197
1.7711575,-0.25640166,-4.6687536
1.7717896,-0.25695905,-4.6684833
1.7723423,-0.25744677,-4.6682463
1.773069,-0.25808784,-4.667935
1.7737168,-0.2586593,-4.667657
1.7743425,-0.2592113,-4.6673884
1.7749715,-0.25976616,-4.667119
1.7756128,-0.26033217,-4.666843
1.7761848,-0.2608369,-4.6665974
1.7767665,-0.26135007,-4.6663475
1.7774742,-0.2619748,-4.666043
1.7781253,-0.26254943,-4.6657624
1.7785139,-0.2628925,-4.665595
1.7794179,-0.2636904,-4.665205
1.7800121,-0.26421496,-4.664949
1.7806599,-0.26478696,-4.664669
1.7812889,-0.26534232,-4.6643977
1.7819209,-0.2659005,-4.6641245
1.7825531,-0.26645872,-4.663851
1.7831916,-0.26702258,-4.6635747
1.783672,-0.26744688,-4.6633663
1.7842758,-0.26798013,-4.663105
1.7849869,-0.26860833,-4.662796
1.7857265,-0.26926175,-4.6624756
1.7863555,-0.26981747,-4.6622024
1.7868078,-0.27021688,-4.6620064
1.787522,-0.2708481,-4.661696
1.7882143,-0.27145982,-4.6613946
1.788878,-0.27204648,-4.6611056
1.7893269,-0.2724432,-4.66091
1.7900413,-0.27307463,-4.6605988
1.7907243,-0.27367824,-4.660301
1.7912238,-0.27411976,-4.6600833
1.7921375,-0.2749275,-4.6596847
1.7926779,-0.27540544,-4.659448
1.79313,-0.27580518,-4.6592503
1.7938508,-0.27644253,-4.658935
1.7944138,-0.27694023,-4.658689
1.7950302,-0.27748543,-4.658419
1.7958205,-0.27818447,-4.6580725
1.7964529,-0.2787438,-4.6577954
1.7970251,-0.27925003,-4.657544
1.7977049,-0.27985138,-4.6572456
1.798293,-0.28037167,-4.6569877
1.7986028,-0.28064582,-4.6568513
1.799482,-0.2814236,-4.656465
1.8002503,-0.2821035,-4.656127
1.8008542,-0.28263798,-4.655861
1.8015025,-0.28321165,-4.6555753
1.8020368,-0.28368464,-4.6553392
1.802685,-0.28425843,-4.6550536
1.8032604,-0.28476787,-4.6547995
1.8040289,-0.28544816,-4.65446
1.8046708,-0.2860165,-4.6541767
1.8051105,-0.2864057,-4.653982
1.8059294,-0.28713092,-4.6536193
1.8065333,-0.28766578,-4.653352
1.8070614,-0.28813353,-4.653118
1.8078552,-0.28883654,-4.652766
1.8084688,-0.28937998,-4.652494
1.809095,-0.28993464,-4.652216
1.8096578,-0.29043335,-4.6519656
1.8103601,-0.29105538,-4.6516542
1.8110621,-0.29167745,-4.651342
1.8117483,-0.29228556,-4.651036
1.8123777,-0.2928433,-4.650756
1.8129122,-0.29331413,-4.650518
1.813443,-0.29377064,-4.6502824
1.8141073,-0.294342,-4.6499867
1.8146088,-0.2947734,-4.6497636
1.8156216,-0.29564464,-4.649313
1.8162632,-0.2961966,-4.6490273
1.8169405,-0.2967794,-4.6487255
1.8175106,-0.2972698,-4.6484714
1.8181684,-0.2978359,-4.648178
1.8187708,-0.29835436,-4.6479087
1.8194189,-0.2989121,-4.6476192
1.8200933,-0.29949236,-4.647318
1.8207378,-0.3000474,-4.64703
1.821383,-0.30060253,-4.646741
1.8220341,-0.30116326,-4.6464496
1.8226757,-0.30171564,-4.646162
1.8233631,-0.30230734,-4.645854
1.8239981,-0.30285418,-4.645569
1.8245648,-0.3033422,-4.6453147
1.8252648,-0.3039452,-4.645
1.8260336,-0.3046072,-4.6446543
1.8266068,-0.30510095,-4.6443963
1.827343,-0.305735,-4.6440654
1.8278999,-0.3062148,-4.6438146
1.828509,-0.3067395,-4.64354
1.8291734,-0.30731198,-4.643241
1.8296425,-0.3077161,-4.643029
1.8304632,-0.30842334,-4.6426587
1.8311179,-0.30898753,-4.642363
1.8317986,-0.3095742,-4.6420555
1.8322253,-0.30994195,-4.6418624
1.8330722,-0.3106719,-4.6414795
1.83373,-0.31123906,-4.6411815
1.8343259,-0.3117529,-4.640911
1.8351208,-0.31243807,-4.640551
1.8356614,-0.3129043,-4.6403055
1.836453,-0.31358677,-4.6399465
1.837075,-0.3141233,-4.639664
1.8376647,-0.31463176,-4.639396
1.8382705,-0.31515425,-4.6391206
1.8390554,-0.31583133,-4.6387634
1.8397231,-0.31640735,-4.638459
1.840404,-0.31699464,-4.6381493
1.8409219,-0.31744146,-4.637913
1.8415667,-0.3179979,-4.6376185
1.8421726,-0.31852064,-4.6373425
1.8428272,-0.3190856,-4.637043
1.8435633,-0.31972092,-4.636707
1.8442768,-0.32033655,-4.6363807
1.8448827,-0.32085952,-4.6361036
1.8454299,-0.32133186,-4.635853
1.8459346,-0.3217677,-4.635622
1.8467522,-0.3224735,-4.635247
1.8473679,-0.32300505,-4.634965
1.8481236,-0.32365754,-4.634618
1.8486774,-0.32413572,-4.634364
1.8493612,-0.3247264,-4.6340494
1.8499541,-0.3252384,-4.6337767
1.850801,-0.32596987,-4.633387
1.8513224,-0.3264201,-4.6331477
1.8520975,-0.32708976,-4.6327906
1.852573,-0.32750058,-4.632571
1.8532994,-0.3281282,-4.632236
1.8539443,-0.32868546,-4.6319385
1.8544103,-0.32908794,-4.631724
1.8550748,-0.32966214,-4.631417
1.8558956,-0.33037156,-4.631037
1.8565209,-0.3309121,-4.630748
1.8569965,-0.33132315,-4.630528
1.8576314,-0.33187217,-4.630234
1.8583059,-0.33245507,-4.6299214
1.8591366,-0.33317316,-4.629536
1.8596154,-0.33358717,-4.6293144
1.8604134,-0.3342772,-4.628944
1.8610388,-0.33481804,-4.628653
1.8617684,-0.335449,-4.628314
1.8624165,-0.33600962,-4.6280127
1.8630748,-0.3365788,-4.6277065
1.8636479,-0.33707467,-4.6274395
1.8643513,-0.33768326,-4.6271114
1.8649184,-0.33817363,-4.6268477
1.8656738,-0.33882743,-4.6264954
1.8663253,-0.3393911,-4.626191
1.8669866,-0.33996332,-4.625882
1.8676478,-0.34053558,-4.6255736
1.8682959,-0.34109652,-4.62527
1.868915,-0.34163222,-4.624981
1.869524,-0.34215942,-4.6246953
1.8702437,-0.34278256,-4.6243577
1.8709277,-0.34337473,-4.6240373
1.8713838,-0.34376955,-4.6238236
1.8721329,-0.34441823,-4.6234717
1.8726964,-0.34490615,-4.6232076
