-0.084405676,0.4389621,-4.9799786
-0.083609894,0.43967193,-4.9799294
-0.0827662,0.4404877,-4.9798717
-0.08195822,0.4413082,-4.9798117
-0.08092709,0.44244516,-4.979728
-0.079942524,0.44364735,-4.979637
-0.079151824,0.44461942,-4.979563
-0.07833343,0.44563985,-4.9794846
-0.07745639,0.44673198,-4.9794006
-0.07674861,0.44761345,-4.979333
-0.075807326,0.44876692,-4.979243
-0.075121135,0.44959158,-4.979179
-0.07426904,0.4506028,-4.9791
-0.07365233,0.45133218,-4.9790435
-0.07264832,0.4525072,-4.9789515
-0.07186067,0.45340753,-4.9788814
-0.070972554,0.45440865,-4.9788027
-0.070277974,0.4551877,-4.9787416
-0.06952086,0.4560231,-4.978676
-0.06882903,0.4567793,-4.9786158
-0.0680101,0.45766765,-4.9785457
-0.06728267,0.45845002,-4.978483
-0.06653647,0.45923823,-4.9784207
-0.06574111,0.46007323,-4.9783545
-0.06513805,0.4607032,-4.978304
-0.064544834,0.4613217,-4.9782543
-0.06356492,0.46234265,-4.9781723
-0.06292269,0.4630113,-4.9781184
-0.062381938,0.46357715,-4.9780726
-0.06132392,0.46468413,-4.9779825
-0.06063226,0.4654078,-4.9779234
-0.06006375,0.46599704,-4.977875
-0.059550233,0.46652502,-4.977832
-0.0586129,0.4674967,-4.9777517
-0.05810228,0.46803504,-4.977707
-0.057303242,0.4688779,-4.977637
-0.056528606,0.46969566,-4.9775686
-0.055848807,0.4704064,-4.9775095
-0.055181406,0.47110087,-4.9774513
-0.054513626,0.47179595,-4.9773927
-0.053804375,0.47253436,-4.97733
-0.05345248,0.47290188,-4.977299
-0.052502416,0.4739051,-4.977214
-0.051828455,0.4746247,-4.9771523
-0.051153008,0.47534806,-4.97709
-0.05048933,0.4760608,-4.977029
-0.04982405,0.47677365,-4.9769673
-0.04916361,0.47748077,-4.976906
-0.04850836,0.47818458,-4.9768453
-0.047841832,0.47890162,-4.9767823
-0.04721646,0.47957164,-4.9767246
-0.04652373,0.48031583,-4.976659
-0.04587189,0.4810178,-4.976597
-0.04523073,0.48170942,-4.976536
-0.044570714,0.48242238,-4.9764733
-0.043927684,0.4831136,-4.9764113
-0.043252613,0.48383835,-4.976347
-0.04264973,0.48448622,-4.9762893
-0.04197251,0.48521397,-4.976224
-0.041455407,0.48576626,-4.9761744
-0.040717386,0.48655277,-4.976104
-0.03995444,0.48736948,-4.9760303
-0.03936082,0.48800558,-4.9759727
-0.03870501,0.48870203,-4.975909
-0.03822801,0.48920637,-4.9758635
-0.037336353,0.49014536,-4.9757776
-0.03690274,0.4906115,-4.9757347
-0.036187835,0.49138042,-4.975664
-0.035441242,0.49218446,-4.97559
-0.03474366,0.4929364,-4.975521
-0.03425648,0.49346215,-4.975472
-0.033650342,0.49411687,-4.9754114
-0.033057645,0.49475777,-4.9753513
-0.032249082,0.49563196,-4.97527
-0.031601675,0.49632704,-4.975204
-0.03095065,0.49702746,-4.9751387
-0.03048973,0.49752605,-4.975092
-0.029677752,0.49840477,-4.9750085
-0.029123895,0.4990047,-4.9749517
-0.028377157,0.49981403,-4.974875
-0.027743505,0.5004983,-4.9748096
-0.027093992,0.5011987,-4.9747424
-0.02649325,0.5018496,-4.9746804
-0.025822356,0.50257695,-4.9746103
-0.02507515,0.5033838,-4.974533
-0.024677815,0.50381327,-4.974491
-0.02396998,0.5045801,-4.9744167
-0.02327539,0.505335,-4.974344
-0.02243086,0.5062421,-4.974255
-0.021804133,0.5069158,-4.9741898
-0.021219037,0.5075448,-4.974128
-0.020589646,0.5082222,-4.9740615
-0.020059664,0.50879306,-4.9740047
-0.01943108,0.5094707,-4.973938
-0.018691251,0.51026887,-4.973859
-0.018235363,0.510761,-4.9738107
-0.01758529,0.51146317,-4.973741
-0.016916616,0.5121861,-4.9736686
-0.01633097,0.51281977,-4.973605
-0.015621519,0.5135878,-4.9735284
-0.014953613,0.51431125,-4.9734554
-0.014355942,0.514959,-4.97339
-0.013726836,0.5156414,-4.9733214
-0.013088515,0.51633424,-4.973251
-0.012437845,0.5170411,-4.973179
-0.011793889,0.5177412,-4.9731083
-0.01115028,0.51844144,-4.973037
-0.010709593,0.51892096,-4.9729877
-0.009898166,0.5198044,-4.972897
-0.009207478,0.5205569,-4.97282
-0.008533005,0.5212922,-4.9727435
-0.007950714,0.5219276,-4.9726777
-0.0073083285,0.52262884,-4.972605
-0.0066281273,0.52337164,-4.9725285
-0.006099981,0.52394867,-4.9724684
-0.005420265,0.5246917,-4.9723907
-0.0047312765,0.5254454,-4.972312
-0.004134049,0.52609885,-4.972243
-0.003688701,0.52658653,-4.972192
-0.0029655918,0.5273787,-4.972109
-0.0024858126,0.52790457,-4.972053
-0.0015392327,0.52894276,-4.9719434
-0.0009777698,0.5295589,-4.971878
-0.00031226213,0.5302894,-4.9718
0.00032789406,0.5309924,-4.9717245
0.0008954969,0.5316159,-4.971658
0.0015324709,0.5323157,-4.971583
0.0021033941,0.5329429,-4.9715157
0.0027375298,0.5336395,-4.9714403
0.0033719642,0.5343363,-4.9713655
0.0040128864,0.5350402,-4.971289
0.0046571037,0.53574765,-4.9712124
0.0053362446,0.5364935,-4.9711313
0.0058766124,0.5370868,-4.9710665
0.0064803017,0.53774965,-4.9709945
0.007210823,0.53855145,-4.9709063
0.007891036,0.53929794,-4.9708247
0.008502012,0.53996813,-4.9707503
0.009160801,0.54069054,-4.9706707
0.009860989,0.54145837,-4.970586
0.010266693,0.54190314,-4.9705367
0.011075005,0.54278946,-4.9704385
0.011677231,0.54345,-4.970365
0.012219183,0.54404455,-4.970299
0.01297342,0.5448722,-4.970206
0.01346788,0.5454149,-4.9701447
0.014203284,0.5462221,-4.970054
0.014812099,0.5468903,-4.9699793
0.015265532,0.547388,-4.969923
0.016007682,0.54820263,-4.969831
0.016629474,0.5488852,-4.9697537
0.017267281,0.5495793,-4.969674
0.01805427,0.5504285,-4.9695783
0.018688869,0.5511134,-4.9694996
0.019244269,0.5517129,-4.9694304
0.019961506,0.55248713,-4.9693418
0.020491455,0.55305946,-4.9692764
0.021103762,0.55372095,-4.9692
0.021681223,0.5543449,-4.969128
0.022347674,0.5550649,-4.9690447
0.022975877,0.55574405,-4.9689655
0.023626395,0.55644727,-4.968884
0.02414692,0.55700994,-4.9688187
0.024880275,0.5578027,-4.968726
0.025356323,0.5583176,-4.968666
0.026216574,0.559248,-4.968557
0.02678493,0.5598627,-4.968485
0.027477287,0.5606114,-4.968396
0.028172996,0.5613638,-4.968307
0.028713176,0.561948,-4.9682384
0.029332919,0.56261826,-4.9681587
0.029987741,0.56332636,-4.968075
0.030693412,0.5640897,-4.9679837
0.031288177,0.5647328,-4.967907
0.03191804,0.56541395,-4.967826
0.03258906,0.56613994,-4.967738
0.033066183,0.5666561,-4.967676
0.03383379,0.56748563,-4.967576
0.0344583,0.5681604,-4.967495
0.03508613,0.5688388,-4.9674125
0.03572049,0.5695242,-4.96733
0.036364567,0.5702201,-4.967245
0.036996037,0.5709023,-4.967162
0.03765319,0.57161236,-4.9670763
0.038393468,0.5724121,-4.966978
0.03902542,0.5730948,-4.966894
0.039533,0.5736431,-4.966827
0.04020354,0.5743675,-4.9667377
0.0409062,0.5751265,-4.9666443
0.04161542,0.57589257,-4.9665494
0.042129885,0.5764483,-4.9664807
0.042724364,0.57709044,-4.966401
0.043443665,0.5778665,-4.966305
0.04405442,0.5785248,-4.966223
0.044687703,0.5792088,-4.966137
0.045388326,0.5799655,-4.9660425
0.04590992,0.5805288,-4.965972
0.046556443,0.581227,-4.965884
0.04724795,0.5819738,-4.9657903
0.047885187,0.582662,-4.965704
0.048573837,0.5834033,-4.96561
0.0489775,0.58383155,-4.965555
0.049785018,0.5846896,-4.9654465
0.050403632,0.585346,-4.965363
0.0509743,0.58595145,-4.965286
0.051704902,0.58672714,-4.9651866
0.05234886,0.58741117,-4.9650993
0.052925665,0.5880237,-4.96502
0.053646844,0.5887897,-4.964922
0.05436501,0.58955246,-4.9648232
0.05483277,0.59004974,-4.964759
0.055624098,0.5908911,-4.96465
0.05616887,0.5914704,-4.9645753
0.056896467,0.592244,-4.964475
0.057310034,0.5926837,-4.9644175
0.05813736,0.59356326,-4.964303
0.058762826,0.5942282,-4.9642158
0.059381306,0.5948865,-4.9641294
0.060006324,0.5955518,-4.9640427
0.060698815,0.5962888,-4.963946
0.061336957,0.59696794,-4.9638557
0.061853357,0.59751755,-4.9637833
0.062600866,0.59831303,-4.9636784
0.063281186,0.59903705,-4.9635825
0.06400982,0.5998125,-4.9634795
0.06455241,0.6003899,-4.9634023
0.06507906,0.6009503,-4.963328
0.06583388,0.6017535,-4.9632206
0.066447526,0.6024064,-4.9631333
0.06712237,0.60312444,-4.9630365
0.06776203,0.60380507,-4.9629455
0.068401836,0.6044858,-4.962854
0.069138266,0.6052693,-4.962748
0.069710836,0.6058785,-4.9626656
0.07043154,0.6066452,-4.9625616
0.0710816,0.6073368,-4.962468
0.07172386,0.60802174,-4.9623747
0.07227634,0.6086108,-4.9622946
0.07299921,0.60938156,-4.962189
0.07371911,0.6101492,-4.962085
0.07424082,0.61070436,-4.9620085
0.07488431,0.61139,-4.9619145
0.07553712,0.612086,-4.9618187
0.076199725,0.61279243,-4.961721
0.076704845,0.61333096,-4.961647
0.07735488,0.614024,-4.9615517
0.07810162,0.61482,-4.961441
0.07854269,0.6152903,-4.9613757
0.07929943,0.6160969,-4.9612637
0.080088586,0.6169381,-4.9611464
0.08059119,0.6174739,-4.9610715
0.08128725,0.6182158,-4.9609675
0.08191579,0.61888576,-4.9608736
0.0825219,0.6195318,-4.9607835
0.08317976,0.620233,-4.960685
0.083860345,0.6209584,-4.9605827
0.084382996,0.6215154,-4.960504
0.08518651,0.6223717,-4.9603825
0.08579012,0.62301505,-4.960292
0.086274385,0.6235311,-4.9602184
0.087081686,0.6243914,-4.960096
0.08774063,0.6250935,-4.9599957
0.08832216,0.6257132,-4.9599075
0.088845655,0.62627107,-4.959828
0.08968927,0.6271699,-4.9596987
0.090384394,0.62791055,-4.9595923
0.09102793,0.62859505,-4.9594936
0.091623135,0.6292181,-4.9594045
0.09225729,0.62988174,-4.959308
0.09277508,0.6304238,-4.95923
0.093551934,0.6312368,-4.9591117
0.09413795,0.6318501,-4.9590225
0.094899,0.6326466,-4.9589067
0.09549826,0.6332737,-4.9588146
0.096139774,0.6339451,-4.9587164
0.09679116,0.63462675,-4.9586167
0.09744271,0.63530856,-4.9585166
0.09812359,0.636021,-4.958412
0.09875597,0.63668275,-4.9583144
0.099453405,0.63741255,-4.958207
0.099975765,0.637959,-4.9581256
0.10071893,0.63873655,-4.9580107
0.101293474,0.63933766,-4.9579215
0.10193906,0.6400137,-4.957821
0.102574125,0.6406796,-4.957722
0.10323196,0.64136946,-4.957619
0.103818625,0.64198464,-4.9575276
0.10452214,0.6427223,-4.9574175
0.1051934,0.64342624,-4.9573116
0.10586481,0.6441302,-4.957206
0.10643256,0.6447255,-4.957116
0.10712698,0.6454536,-4.9570065
0.10787028,0.6462329,-4.9568887
0.10842545,0.646815,-4.956801
0.10915936,0.64758444,-4.9566846
0.109808974,0.6482654,-4.9565806
0.1102768,0.6487559,-4.9565067
0.11121229,0.649737,-4.956357
0.11176356,0.65031624,-4.956269
0.1122241,0.6508001,-4.9561944
0.113064334,0.6516831,-4.95606
0.11370682,0.652358,-4.955956
0.11424884,0.6529275,-4.9558687
0.11489809,0.65360725,-4.955764
0.11570345,0.65443826,-4.9556355
0.11632708,0.6550818,-4.955536
0.11686964,0.6556416,-4.9554496
0.11752604,0.6563188,-4.9553437
0.11820534,0.6570197,-4.955235
0.11885881,0.65769386,-4.95513
0.11946689,0.65832126,-4.9550323
0.12014016,0.6590158,-4.954923
0.120784305,0.6596803,-4.954819
0.121440336,0.66035837,-4.954713
0.121950105,0.6608855,-4.95463
0.1228465,0.66181237,-4.954484
0.12349948,0.6624876,-4.9543777
0.12415261,0.6631628,-4.954271
0.12460437,0.6636299,-4.954197
0.12549834,0.6645542,-4.9540505
0.12609017,0.665166,-4.9539537
0.12671462,0.6658116,-4.9538507
0.1274238,0.66654474,-4.953734
0.12801601,0.66715693,-4.9536366
0.12871575,0.66788024,-4.953521
0.12933429,0.6685197,-4.9534183
0.12989408,0.66909856,-4.9533257
0.13047564,0.66970116,-4.953229
0.13121659,0.6704688,-4.9531054
0.13176918,0.67104137,-4.9530134
0.13253972,0.67183965,-4.9528847
0.13313161,0.6724529,-4.952786
0.13378213,0.6731267,-4.9526763
0.13446537,0.67383456,-4.9525614
0.13519108,0.67458636,-4.95244
0.13557518,0.6749842,-4.952375
0.13642164,0.675861,-4.9522324
0.1368775,0.67633957,-4.9521546
0.13762331,0.67712605,-4.952026
0.13839866,0.6779437,-4.951893
0.13902754,0.6786067,-4.9517837
0.13965982,0.6792735,-4.9516745
0.14030205,0.6799477,-4.951564
0.14099331,0.68067616,-4.951444
0.14168806,0.6813982,-4.9513254
0.14236993,0.6821043,-4.951208
0.14286917,0.6826213,-4.9511223
0.14364927,0.6834292,-4.9509892
0.1443218,0.68412554,-4.950873
0.14489979,0.6847241,-4.9507732
0.14552689,0.6853734,-4.9506655
0.14619333,0.6860634,-4.95055
0.14669979,0.68658775,-4.950462
0.14730112,0.68721044,-4.950358
0.14814126,0.68808025,-4.9502125
0.14882466,0.68878776,-4.9500933
0.14947878,0.6894649,-4.9499793
0.15012977,0.6901389,-4.9498653
0.1507842,0.6908164,-4.9497514
0.15144202,0.6914973,-4.949636
0.15209673,0.6921751,-4.949521
0.15256496,0.69265985,-4.9494395
0.15338041,0.69350386,-4.949296
0.15403885,0.69418544,-4.9491796
0.1545336,0.6946943,-4.949093
0.15537916,0.69555366,-4.9489455
0.15596926,0.6961534,-4.948843
0.15664473,0.6968398,-4.9487247
0.15725148,0.69745636,-4.948619
0.15779272,0.6980064,-4.9485235
0.15868193,0.69891006,-4.948368
0.15930878,0.699547,-4.948258
0.15976837,0.7000108,-4.9481773
0.16073707,0.7009771,-4.9480095
0.16142479,0.70165604,-4.9478908
0.16189557,0.7021179,-4.9478097
0.16263129,0.7028396,-4.9476833
0.16321672,0.703414,-4.9475822
0.16387092,0.70405483,-4.947469
0.1644075,0.7045711,-4.9473777
0.16517329,0.705308,-4.9472475
0.16588032,0.7059883,-4.947127
0.16650891,0.70659304,-4.947019
0.16715398,0.70721364,-4.946909
0.16779588,0.70783126,-4.946799
0.16832983,0.7083411,-4.9467077
0.16912279,0.7090891,-4.9465737
0.16961433,0.70955276,-4.94649
0.17043376,0.7103257,-4.9463506
0.17107964,0.71093494,-4.9462414
0.171742,0.7115596,-4.9461284
0.17238155,0.7121628,-4.946019
0.17306389,0.71279955,-4.945904
0.17354621,0.71324533,-4.9458222
0.17437324,0.7140099,-4.9456835
0.17510852,0.7146895,-4.945559
0.17569298,0.715219,-4.945462
0.17652385,0.71597147,-4.9453235
0.17703629,0.71643543,-4.945238
0.17760135,0.7169472,-4.9451437
0.17836703,0.7176267,-4.945017
0.1789488,0.7181426,-4.9449215
0.17941561,0.7185566,-4.9448442
0.18027058,0.7192988,-4.9447055
0.18094483,0.7198841,-4.944596
0.18161264,0.72046375,-4.944487
0.18220164,0.72096515,-4.9443917
0.18297838,0.72162414,-4.944267
0.18342283,0.7219933,-4.9441967
0.1843251,0.72274065,-4.944054
0.1849351,0.7232387,-4.9439583
0.18555808,0.7237447,-4.943861
0.18591231,0.72402704,-4.9438066
0.18691285,0.72481686,-4.943653
0.18750352,0.72527325,-4.9435635
0.18814686,0.7257614,-4.943467
0.18884626,0.7262764,-4.943365
0.1894736,0.72672725,-4.943275
0.19013724,0.727191,-4.943181
0.19068938,0.7275622,-4.943105
0.19136009,0.7279891,-4.943016
0.19209692,0.72842395,-4.942924
0.19274527,0.7287713,-4.9428473
0.19340712,0.7290911,-4.942775
0.19397047,0.7293352,-4.9427166
0.19451761,0.72953933,-4.9426646
0.19538844,0.72978306,-4.9425945
0.19607526,0.72988385,-4.942552
0.19676623,0.7298744,-4.9425263
0.19738847,0.72976303,-4.942518
0.19812761,0.7294863,-4.942529
0.19873503,0.7291371,-4.9425564
0.1994264,0.7286048,-4.942607
0.1999688,0.72811055,-4.942658
0.2007748,0.7272905,-4.9427466
0.20142806,0.7265777,-4.9428244
0.2020982,0.72583306,-4.9429064
0.20265856,0.7252017,-4.942976
0.2034192,0.7243503,-4.94307
0.2041266,0.72356606,-4.9431553
0.20468733,0.7229452,-4.943223
0.20551188,0.72204125,-4.9433208
0.20615967,0.7213349,-4.9433966
0.20682095,0.7206229,-4.943473
0.20743558,0.7199675,-4.943543
0.20810379,0.7192632,-4.943618
0.20860167,0.71874326,-4.943672
0.20924671,0.7180751,-4.943742
0.209932,0.71736956,-4.943815
0.210711,0.7165766,-4.943897
0.21136981,0.715918,-4.943964
0.21188158,0.7154042,-4.9440165
0.21283515,0.7144519,-4.9441137
0.21323001,0.7140634,-4.9441524
0.21399648,0.71331114,-4.944228
0.21478328,0.7125389,-4.9443054
0.21543635,0.71189785,-4.9443693
0.21603593,0.7113141,-4.9444275
0.21666244,0.7107105,-4.944487
0.21722203,0.71017134,-4.9445395
0.2180399,0.7093837,-4.944617
0.21870367,0.70875585,-4.9446774
0.21929385,0.70819795,-4.9447308
0.22005188,0.7074814,-4.9448004
0.22082019,0.7067549,-4.9448695
0.22139072,0.7062155,-4.944921
0.22199824,0.705641,-4.944976
0.2227267,0.70495987,-4.94504
0.22339854,0.7043339,-4.9450994
0.22407053,0.7037078,-4.945158
0.22487983,0.702955,-4.9452286
0.22540158,0.7024783,-4.9452724
0.2261242,0.70181817,-4.945333
0.22679684,0.7012038,-4.9453897
0.22758669,0.7004967,-4.9454536
0.2282395,0.6999121,-4.945506
0.22862457,0.6995673,-4.9455366
0.22949204,0.6987906,-4.9456067
0.230152,0.6982067,-4.9456587
0.23081543,0.69762474,-4.9457097
0.23150249,0.697022,-4.9457626
0.23230709,0.69631624,-4.9458246
0.23282684,0.6958647,-4.9458637
0.23365185,0.6951559,-4.945924
0.23421207,0.6946746,-4.945965
0.23482947,0.69414425,-4.9460106
0.23560813,0.69347525,-4.946067
0.23608147,0.6930685,-4.9461017
0.23677991,0.6924685,-4.9461527
0.23754236,0.6918133,-4.9462075
0.23815043,0.69129074,-4.9462514
0.23887964,0.69066405,-4.9463034
0.23961237,0.6900419,-4.946355
0.24036543,0.6894085,-4.9464064
0.24090348,0.68895584,-4.9464436
0.24154928,0.6884127,-4.9464884
0.24213804,0.6879175,-4.9465284
0.24284469,0.6873229,-4.946576
0.24363232,0.6866602,-4.946629
0.24414407,0.6862296,-4.946664
0.24483107,0.68565,-4.9467096
0.24578103,0.6848507,-4.946774
0.24642465,0.684309,-4.946817
0.24679199,0.6839999,-4.9468412
0.24776962,0.6831771,-4.946906
0.24850474,0.6825584,-4.9469547
0.24899049,0.68214965,-4.9469867
0.24981028,0.68145955,-4.94704
0.2504245,0.6809408,-4.947081
0.2511536,0.68032706,-4.947128
0.251812,0.6797728,-4.9471707
0.2523625,0.67930937,-4.9472065
0.25314617,0.67864954,-4.9472566
0.25370708,0.67817736,-4.9472933
0.2543763,0.67760587,-4.947337
0.25506938,0.6770096,-4.947383
0.255695,0.67647135,-4.9474244
0.25629368,0.67595625,-4.9474635
0.25712603,0.6752401,-4.9475183
0.257742,0.67471015,-4.9475584
0.25835466,0.67418283,-4.9475985
0.2592147,0.6734427,-4.947654
0.25960422,0.6731075,-4.9476795
0.2605697,0.67227656,-4.9477415
0.26125425,0.6716874,-4.947786
0.2617457,0.6712644,-4.947817
0.2625017,0.6706136,-4.9478655
0.26316637,0.67004144,-4.9479074
0.2638617,0.6694429,-4.9479513
0.26455384,0.66884696,-4.947995
0.2652292,0.6682655,-4.9480376
0.2659115,0.6676781,-4.9480805
0.26657906,0.667105,-4.948121
0.26725465,0.66652596,-4.9481626
0.2679441,0.66593516,-4.9482055
0.26862344,0.6653528,-4.948247
0.26930636,0.6647673,-4.948289
0.27004752,0.66413194,-4.9483337
0.27064195,0.66362226,-4.948369
0.2712502,0.6631008,-4.9484057
0.2720261,0.6624356,-4.948453
0.27253205,0.66200167,-4.948483
0.2733459,0.66130376,-4.948531
0.27408132,0.66067314,-4.9485745
0.27482045,0.66002977,-4.94862
0.27552897,0.6594093,-4.948663
0.2761829,0.6588366,-4.948703
0.27678558,0.65830874,-4.948739
0.27761793,0.6575796,-4.9487896
0.27824154,0.6570334,-4.948827
0.2790332,0.65634,-4.9488745
0.27966395,0.6557873,-4.9489117
0.28005826,0.6554419,-4.9489355
0.28099108,0.65462464,-4.9489903
0.28167036,0.65402955,-4.9490314
0.28237724,0.6534102,-4.949073
0.2830019,0.65286285,-4.949109
0.28378808,0.6521739,-4.9491553
0.28448173,0.651566,-4.949195
0.28511718,0.6510091,-4.9492316
0.2858868,0.6503346,-4.949276
0.2865638,0.64974123,-4.949315
0.2872341,0.64915365,-4.9493527
0.28780487,0.6486534,-4.9493856
0.28859928,0.64795697,-4.9494305
0.28929415,0.6473478,-4.9494696
0.2897449,0.6469526,-4.949495
0.29061562,0.64618933,-4.9495435
0.29103902,0.64581805,-4.949567
0.2919342,0.6450403,-4.949616
0.2926126,0.6444577,-4.9496517
0.2933497,0.6438246,-4.94969
0.29399404,0.64327127,-4.949724
0.29468328,0.6426793,-4.94976
0.2953762,0.6420812,-4.9497967
0.29604918,0.64149773,-4.9498315
0.29657197,0.6410446,-4.9498596
0.2974196,0.64030975,-4.949904
0.2981888,0.6396428,-4.9499435
0.29879406,0.63911796,-4.949975
0.29948497,0.63851887,-4.9500103
0.30016237,0.63793147,-4.950045
0.30085707,0.637329,-4.9500804
0.30144924,0.6368154,-4.9501104
0.30222985,0.6361384,-4.95015
0.3027401,0.63569593,-4.950176
0.30359644,0.63495314,-4.9502187
0.30413437,0.63448656,-4.9502454
0.30493972,0.6337879,-4.9502854
0.30558762,0.6332258,-4.9503174
0.30618075,0.6327112,-4.9503465
0.30699357,0.632006,-4.950386
0.30785468,0.63125896,-4.950428
0.30850664,0.63069314,-4.9504595
0.30913132,0.63015103,-4.950489
0.30965316,0.6296983,-4.9505143
0.3104979,0.62896526,-4.9505553
0.31119174,0.628363,-4.9505873
0.31186515,0.62777865,-4.9506197
0.31261086,0.6271314,-4.950655
0.31327772,0.6265526,-4.950686
0.3140307,0.6258989,-4.950721
0.31477362,0.62525403,-4.950755
0.31544092,0.62467885,-4.950785
0.31598794,0.62421393,-4.950809
0.31676567,0.6235529,-4.950843
0.31734732,0.6230584,-4.950867
0.3179946,0.6225083,-4.950896
0.31878316,0.6218378,-4.9509287
0.31942382,0.62129307,-4.9509554
0.32020596,0.6206282,-4.950989
0.32076418,0.6201535,-4.9510117
0.32150877,0.6195204,-4.9510427
0.32201213,0.61909235,-4.951064
0.3228915,0.61834455,-4.9511
0.32348484,0.61784,-4.951124
0.32437503,0.6170829,-4.9511604
0.32489273,0.6166426,-4.951182
0.32571778,0.6159408,-4.9512143
0.3262426,0.6154944,-4.9512353
0.3270404,0.6148158,-4.9512672
0.32768297,0.61426914,-4.9512925
0.32845354,0.61361367,-4.951323
0.32894778,0.61319315,-4.951342
0.32959077,0.6126461,-4.951367
0.33043447,0.61192816,-4.9514
0.33107433,0.61138374,-4.951424
0.3315483,0.61098045,-4.9514422
0.33250332,0.61016774,-4.951478
0.33319208,0.60958153,-4.9515038
0.33374256,0.60911304,-4.9515243
0.3343382,0.6086062,-4.9515467
0.33526298,0.6078191,-4.951581
0.3357792,0.6073797,-4.9516
0.33656237,0.606713,-4.9516287
0.33736306,0.60603136,-4.9516573
0.33804265,0.60545284,-4.951682
0.33872932,0.6048683,-4.951707
0.3394335,0.60426867,-4.951731
0.3399678,0.6038137,-4.95175
0.34087363,0.6030426,-4.951782
0.34161294,0.6024264,-4.9518056
0.3423316,0.60182744,-4.9518294
0.34302616,0.60124856,-4.9518514
0.34352982,0.60082877,-4.9518676
0.34432888,0.6001627,-4.951893
0.3449926,0.5996094,-4.951914
0.345514,0.5991748,-4.95193
0.34639007,0.59844434,-4.9519567
0.34702656,0.5979138,-4.951977
0.34777436,0.5972902,-4.951999
0.34830326,0.5968493,-4.9520154
0.34900272,0.5962661,-4.9520364
0.3498033,0.59559846,-4.95206
0.35051006,0.59500897,-4.9520807
0.35131457,0.5943381,-4.9521046
0.35192424,0.5938297,-4.9521227
0.3526489,0.5932251,-4.9521427
0.35330766,0.5926758,-4.9521627
0.35392466,0.59216106,-4.95218
0.35489398,0.59135246,-4.9522066
0.35554278,0.5908113,-4.952225
0.35610792,0.5903398,-4.9522405
0.3568791,0.5896964,-4.952262
0.35749334,0.5891838,-4.952278
0.35819855,0.5885954,-4.952297
0.3589179,0.58799523,-4.9523168
0.35966885,0.58736855,-4.9523363
0.36028367,0.58685535,-4.9523525
0.361056,0.58621097,-4.952373
0.36158726,0.5857675,-4.9523864
0.36227244,0.58519554,-4.9524035
0.36318165,0.58443666,-4.9524264
0.3637868,0.58393157,-4.952442
0.364518,0.58332115,-4.95246
0.36513036,0.5828099,-4.9524755
0.36589694,0.58216995,-4.9524937
0.3666007,0.5815824,-4.9525113
0.36730108,0.5809976,-4.9525275
0.36801216,0.5804039,-4.9525447
0.36869538,0.5798334,-4.9525604
0.3692946,0.57933295,-4.9525743
0.37013593,0.57863045,-4.952594
0.37077755,0.5780946,-4.9526086
0.37133515,0.57762885,-4.952621
0.37224716,0.5768671,-4.9526415
0.37253138,0.57662976,-4.952648
0.37355956,0.5757708,-4.95267
0.3743494,0.57511103,-4.9526873
0.37498498,0.5745801,-4.9527006
0.37561005,0.5740578,-4.952714
0.37640047,0.57339746,-4.95273
0.37720162,0.57272804,-4.9527464
0.37781313,0.57221705,-4.9527593
0.3786077,0.57155323,-4.9527755
0.37920895,0.57105076,-4.9527874
0.38004953,0.5703482,-4.9528036
0.3807074,0.5697984,-4.9528165
0.38133729,0.5692719,-4.9528284
0.3821891,0.56856,-4.952845
0.3826115,0.5682069,-4.9528527
0.38354117,0.56742984,-4.95287
0.38427025,0.5668203,-4.9528832
0.384848,0.5663372,-4.952893
0.38554925,0.565751,-4.9529057
0.38619426,0.5652117,-4.9529166
0.38707566,0.5644748,-4.9529324
0.3877774,0.563888,-4.9529443
0.38836294,0.56339836,-4.9529543
0.38900143,0.5628643,-4.9529643
0.38967195,0.56230366,-4.9529757
0.3905403,0.56157756,-4.9529905
0.39118636,0.5610371,-4.9530005
0.39202684,0.56033415,-4.9530134
0.3925884,0.5598643,-4.9530215
0.39330566,0.55926436,-4.9530325
0.39412197,0.5585815,-4.953045
0.39481834,0.5579989,-4.9530554
0.39542648,0.5574901,-4.953064
0.39586848,0.55712026,-4.95307
0.39683762,0.55630934,-4.953084
0.39749923,0.55575573,-4.953093
0.3983238,0.55506575,-4.953104
0.3990813,0.55443174,-4.9531136
0.3996797,0.553931,-4.9531217
0.4003632,0.55335903,-4.953131
0.4009902,0.5528343,-4.953139
0.40193975,0.5520395,-4.9531503
0.40250677,0.5515648,-4.953157
0.4033646,0.55084664,-4.953167
0.4040064,0.55030936,-4.9531746
0.40447098,0.54992044,-4.9531803
0.4052797,0.54924333,-4.953189
0.406188,0.5484828,-4.9531984
0.40670618,0.548049,-4.953204
0.4075581,0.54733557,-4.953213
0.40823635,0.54676765,-4.9532204
0.4087975,0.5462945,-4.953226
0.40966076,0.54556376,-4.9532356
0.41037855,0.5449561,-4.9532423
0.410997,0.5444326,-4.953249
0.41182533,0.5437312,-4.9532566
0.41251516,0.54314715,-4.9532638
0.41309848,0.54265326,-4.953269
0.41396296,0.5419212,-4.953277
0.41467828,0.54131556,-4.953284
0.41537946,0.5407217,-4.9532895
0.4159491,0.54023933,-4.9532948
0.41663992,0.53965425,-4.9533005
0.41734514,0.539057,-4.953306
0.4178403,0.5386376,-4.95331
0.4187311,0.537883,-4.9533167
0.41963282,0.5371191,-4.953323
0.42027816,0.53657246,-4.953328
0.42103767,0.53592896,-4.953333
0.42190805,0.5351916,-4.9533386
0.42256808,0.5346323,-4.953343
0.423239,0.5340639,-4.9533467
0.42395648,0.53345597,-4.9533515
0.4246134,0.53289926,-4.953355
0.42538828,0.53224254,-4.9533587
0.42600268,0.53172183,-4.953362
0.42674935,0.531089,-4.953366
0.42729968,0.53062254,-4.9533677
0.42818967,0.5298681,-4.953372
0.4289226,0.52924687,-4.953375
0.4296056,0.52866787,-4.9533777
0.43018863,0.52817357,-4.953379
0.43098286,0.5275003,-4.9533825
0.4317594,0.5268419,-4.953385
0.43249315,0.5262197,-4.9533873
0.43309462,0.5257097,-4.953388
0.43391827,0.5250113,-4.95339
0.434649,0.52439165,-4.953392
0.4353118,0.5238295,-4.9533935
0.43594968,0.52328855,-4.9533944
0.43672386,0.5226319,-4.9533954
0.43750548,0.52196896,-4.953397
0.4382155,0.52136666,-4.9533973
0.4388288,0.52084637,-4.9533978
0.4396899,0.520116,-4.953398
0.4403502,0.51955575,-4.9533987
0.44125116,0.51878804,-4.953398
0.44176462,0.5183478,-4.953399
0.44265532,0.517584,-4.953399
0.44323725,0.517085,-4.953399
0.44393426,0.51648724,-4.953399
0.44461715,0.5159017,-4.953399
0.44526774,0.51534367,-4.953398
0.4461127,0.514619,-4.9533978
0.44669527,0.51411927,-4.9533973
0.44739312,0.5135207,-4.953397
0.4481775,0.5128479,-4.9533954
0.44904476,0.5121038,-4.9533935
0.44971794,0.51152635,-4.953392
0.45046324,0.51088685,-4.95339
0.45119792,0.51025647,-4.9533887
0.451677,0.5098454,-4.9533873
0.45259577,0.509057,-4.9533844
0.45335618,0.50840443,-4.953382
0.45409876,0.5077672,-4.953379
0.45477661,0.50718546,-4.953377
0.4555051,0.50656015,-4.953374
0.45633838,0.50584495,-4.95337
0.45690122,0.5053618,-4.953367
0.4575833,0.5047763,-4.9533644
0.45826915,0.5041876,-4.953361
0.45892626,0.5036235,-4.9533577
0.45976403,0.5029042,-4.953353
0.4605876,0.502197,-4.953348
0.46123797,0.50163865,-4.9533443
0.4619426,0.50103354,-4.9533396
0.46266198,0.50041586,-4.9533353
0.46342847,0.4997576,-4.95333
0.46409383,0.49918616,-4.9533253
0.46492577,0.49847156,-4.9533186
0.46548295,0.49799305,-4.953315
0.46632254,0.4972719,-4.9533086
0.46710432,0.49660024,-4.9533014
0.46776694,0.4960311,-4.9532967
0.46852022,0.49538407,-4.9532905
0.46932065,0.49470246,-4.9532824
0.4699655,0.49415416,-4.953276
0.47062135,0.49359652,-4.9532695
0.47143316,0.49290615,-4.953261
0.47209662,0.49234205,-4.953254
0.4728762,0.49167904,-4.9532456
0.47369227,0.49098498,-4.953236
0.47426906,0.4904944,-4.9532294
0.47498024,0.48988953,-4.953222
0.47566253,0.48930916,-4.953213
0.4765882,0.4885217,-4.953202
0.47711107,0.48807687,-4.9531956
0.47801536,0.48730755,-4.9531837
0.47874922,0.48668325,-4.9531746
0.47933784,0.48618242,-4.953167
0.48009378,0.48553926,-4.953157
0.48077717,0.48495772,-4.953148
0.4816316,0.48423058,-4.9531355
0.48222804,0.483723,-4.953127
0.48305738,0.48301715,-4.953115
0.48377052,0.4824102,-4.953104
0.48445836,0.48182482,-4.9530945
0.48503345,0.48133525,-4.953086
0.4856997,0.48076814,-4.9530754
0.48669025,0.47992495,-4.95306
0.48741516,0.4793079,-4.9530487
0.4881438,0.47868744,-4.953037
0.4888398,0.47809482,-4.9530253
0.48955795,0.47748342,-4.9530134
0.4902907,0.4768594,-4.953001
0.490969,0.47628182,-4.9529896
0.49184445,0.47553635,-4.952975
0.49255222,0.47493356,-4.952962
0.49324557,0.47434303,-4.9529495
0.49395737,0.47373685,-4.9529366
0.4947021,0.47310245,-4.952923
0.4953813,0.47252387,-4.95291
0.49620306,0.47182378,-4.952894
0.49693376,0.4712013,-4.9528804
0.49760613,0.4706285,-4.9528675
0.49831882,0.47002125,-4.952853
0.4989878,0.46945125,-4.95284
0.49986544,0.4687035,-4.9528227
0.50054944,0.4681207,-4.952809
0.5013835,0.46740985,-4.952791
0.50183356,0.4670263,-4.952782
0.50270087,0.46628702,-4.9527636
0.5035869,0.465532,-4.952745
0.50418365,0.46502325,-4.9527316
0.504733,0.46455503,-4.9527197
0.5056048,0.4638118,-4.9527006
0.5063816,0.46314967,-4.952683
0.50707793,0.46255603,-4.9526677
0.5078073,0.46193406,-4.9526505
0.508625,0.46123695,-4.9526315
0.5093181,0.4606459,-4.9526157
0.5100701,0.4600047,-4.9525976
0.51096904,0.45923817,-4.9525766
0.51155245,0.45874047,-4.952562
0.51222056,0.45817077,-4.9525456
0.51295483,0.45754448,-4.9525275
0.5134175,0.4571498,-4.952516
0.5143651,0.45634156,-4.952492
0.51525784,0.45558003,-4.95247
0.5158605,0.4550659,-4.952454
0.51671326,0.45433846,-4.9524326
0.51734924,0.4537958,-4.952416
0.5180074,0.4532342,-4.9523983
0.5189048,0.45246843,-4.952374
0.51955235,0.45191598,-4.9523573
0.5203324,0.4512503,-4.952336
0.52096176,0.45071322,-4.952318
0.5218305,0.4499718,-4.9522943
0.52262956,0.4492898,-4.9522724
0.5233072,0.44871137,-4.952253
0.52412874,0.44801015,-4.9522295
0.5247109,0.44751316,-4.9522123
0.5254369,0.44689342,-4.952192
0.5263326,0.4461287,-4.9521656
0.5268303,0.44570372,-4.952151
0.5276785,0.44497952,-4.9521255
0.5284642,0.44430867,-4.952102
0.52896225,0.44388336,-4.952087
0.53007674,0.44293168,-4.9520535
0.5306747,0.442421,-4.9520345
0.53150916,0.44170842,-4.952009
0.5319669,0.4413173,-4.9519944
0.53263915,0.4407432,-4.9519734
0.5336773,0.43985647,-4.9519405
0.53440154,0.4392377,-4.951917
0.53510004,0.43864098,-4.9518948
0.53575444,0.43808198,-4.951874
0.5362203,0.43768394,-4.951858
0.5373705,0.4367013,-4.951821
0.5380474,0.43612874,-4.951797
0.53865045,0.4356188,-4.951777
0.53935355,0.4350242,-4.9517527
0.5401345,0.43436375,-4.9517255
0.5408305,0.43377513,-4.9517007
0.5413563,0.43333042,-4.9516826
0.54245627,0.4324,-4.9516435
0.5432157,0.43175754,-4.951616
0.5439531,0.43113378,-4.9515896
0.5446795,0.43051916,-4.9515634
0.5454543,0.4298637,-4.9515347
0.54622924,0.42920798,-4.951506
0.5468115,0.42871532,-4.9514847
0.5477278,0.42794,-4.9514503
0.5484217,0.42735285,-4.951424
0.5491565,0.426731,-4.9513965
0.5498878,0.42611212,-4.951369
0.55063033,0.4254836,-4.95134
0.5513953,0.4248361,-4.9513106
0.551971,0.42434877,-4.951288
0.55279577,0.42365062,-4.951256
0.5534238,0.42311904,-4.9512315
0.55434555,0.42233866,-4.951195
0.5549776,0.4218036,-4.95117
0.55577326,0.42112982,-4.9511375
0.55673665,0.4203142,-4.951099
0.5573579,0.4197881,-4.9510736
0.55805004,0.41920203,-4.9510455
0.55882037,0.4185496,-4.9510136
0.55957234,0.41791272,-4.950982
0.56038034,0.4172284,-4.9509487
0.5611774,0.41655335,-4.9509153
0.56147677,0.4162978,-4.950903
0.56247,0.4154489,-4.950861
0.56310165,0.41490918,-4.950835
0.56401414,0.41412932,-4.950796
0.56459427,0.41363347,-4.950772
0.5654887,0.41286892,-4.9507337
0.5662354,0.41223055,-4.9507008
0.56702304,0.4115573,-4.9506674
0.5676185,0.41104823,-4.950641
0.56833977,0.4104315,-4.950609
0.569065,0.4098115,-4.9505777
0.56983846,0.40915015,-4.9505434
0.57063806,0.4084665,-4.950508
0.5713933,0.4078206,-4.950474
0.5721598,0.40716502,-4.950439
0.5728748,0.4065537,-4.950407
0.5736306,0.4059072,-4.950372
0.5743754,0.40527016,-4.950338
0.57509816,0.40465194,-4.950305
0.5757099,0.4041287,-4.9502764
0.57642555,0.40351653,-4.9502435
0.5773082,0.40276137,-4.950202
0.5781132,0.40207267,-4.950164
0.5788145,0.40147263,-4.950131
0.5793118,0.40104714,-4.9501066
0.580288,0.40021178,-4.9500604
0.5810306,0.3995763,-4.9500246
0.5818216,0.39889938,-4.9499865
0.58247536,0.3983399,-4.9499545
0.5830772,0.39782476,-4.949925
0.5839245,0.3970996,-4.9498835
0.5847347,0.39640602,-4.949843
0.585482,0.39576638,-4.949806
0.58617365,0.39517435,-4.949772
0.5869398,0.3945184,-4.9497333
0.58758706,0.39396423,-4.9497004
0.5885024,0.39318055,-4.949654
0.58922815,0.39255914,-4.949617
0.5899838,0.3919121,-4.9495783
0.5906912,0.39130628,-4.949542
0.5915031,0.390611,-4.9494996
0.5920879,0.39011016,-4.9494696
0.59282553,0.38947836,-4.9494305
0.59367144,0.38875383,-4.9493866
0.5944467,0.38808975,-4.9493456
0.59511775,0.3875149,-4.94931
0.59584486,0.38689202,-4.9492707
0.5967064,0.3861539,-4.9492245
0.5973444,0.38560742,-4.9491906
0.5981802,0.3848913,-4.9491453
0.5990423,0.3841526,-4.9490986
0.5996283,0.38365033,-4.949066
0.60043484,0.38295925,-4.949022
0.6011219,0.38237035,-4.948984
0.60199237,0.38162446,-4.9489365
0.60263866,0.38107052,-4.9489
0.6033225,0.3804844,-4.948862
0.6040588,0.37985322,-4.9488206
0.6049074,0.37912574,-4.9487724
0.6056889,0.37845582,-4.9487286
0.6063996,0.3778466,-4.948688
0.60720766,0.3771538,-4.948642
0.60790724,0.37655383,-4.9486012
0.60864455,0.3759217,-4.948559
0.60939324,0.37527975,-4.948516
0.6101383,0.37464082,-4.9484725
0.6109322,0.37395996,-4.948426
0.61149025,0.37348127,-4.948393
0.6123894,0.3727101,-4.9483395
0.6131314,0.37207377,-4.948296
0.6138847,0.3714275,-4.948251
0.6145595,0.37084866,-4.9482107
0.61533564,0.37018284,-4.948164
0.6161419,0.36949104,-4.948115
0.6167346,0.36898255,-4.948079
0.61745876,0.3683613,-4.9480352
0.6182093,0.3677173,-4.9479895
0.61913645,0.36692178,-4.947933
0.619891,0.36627415,-4.9478865
0.62064207,0.36562964,-4.9478397
0.6213932,0.3649849,-4.947793
0.6220206,0.36444646,-4.9477544
0.6227608,0.36381108,-4.9477077
0.62365526,0.36304328,-4.9476514
0.62441456,0.36239144,-4.947603
0.6250838,0.36181688,-4.947561
0.62593377,0.36108726,-4.947507
0.6267274,0.36040577,-4.947456
0.6273181,0.35989857,-4.947418
0.62807447,0.35924914,-4.9473696
0.6288837,0.35855424,-4.947317
0.62963665,0.35790768,-4.9472685
0.6303897,0.35726088,-4.9472184
0.6311354,0.35662043,-4.9471703
0.6317456,0.3560963,-4.9471297
0.6325105,0.35543936,-4.9470797
0.63340735,0.35466892,-4.9470196
0.6343007,0.35390145,-4.9469604
0.63491523,0.35337353,-4.946919
0.63575244,0.3526543,-4.946863
0.6365407,0.351977,-4.94681
0.6372236,0.3513902,-4.9467635
0.6379556,0.35076118,-4.946714
0.6387067,0.35011584,-4.946663
0.6393408,0.3495708,-4.9466195
0.6402205,0.34881476,-4.946559
0.64094937,0.3481883,-4.946509
0.6416973,0.34754547,-4.946457
0.6424037,0.34693822,-4.946408
0.64332193,0.34614888,-4.9463434
0.64401364,0.34555423,-4.9462953
0.6447471,0.34492376,-4.9462442
0.64541256,0.3443516,-4.946197
0.64625216,0.34362972,-4.9461374
0.64702386,0.34296617,-4.946083
0.64766324,0.34241635,-4.946037
0.6483633,0.34181434,-4.945987
0.649302,0.34100708,-4.94592
0.65014625,0.34028098,-4.945859
0.65100586,0.3395416,-4.9457965
0.6515247,0.33909526,-4.9457583
0.6524832,0.33827084,-4.945689
0.6530516,0.3377819,-4.9456472
0.65384746,0.33709723,-4.9455886
0.65447664,0.3365559,-4.9455423
0.65543205,0.3357339,-4.945472
0.6561867,0.33508453,-4.945416
0.6569339,0.33444154,-4.9453597
0.65754855,0.33391273,-4.9453144
0.65840983,0.33317146,-4.945249
0.6591158,0.33256394,-4.945196
0.65994334,0.33185172,-4.945134
0.66062677,0.33126348,-4.945082
0.6614851,0.3305247,-4.945017
0.6621877,0.3299198,-4.944963
0.6630045,0.3292166,-4.9449005
0.6634568,0.32882735,-4.944866
0.66441065,0.32800603,-4.9447923
0.66519,0.32733506,-4.944732
0.6656957,0.32689965,-4.9446926
0.6667871,0.3259598,-4.9446077
0.6673806,0.32544884,-4.944562
0.66839254,0.32457727,-4.944482
0.6690471,0.32401353,-4.94443
0.6698997,0.3232792,-4.944363
0.6703527,0.32288897,-4.944327
0.671278,0.322092,-4.9442534
0.67195594,0.32150805,-4.9441996
0.6725692,0.3209797,-4.9441504
0.6735369,0.32014605,-4.9440727
0.6743029,0.31948608,-4.9440107
0.67505753,0.31883582,-4.9439497
0.6758276,0.31817225,-4.9438877
0.67660165,0.31750524,-4.9438243
0.67736447,0.3168479,-4.9437623
0.678074,0.31623638,-4.943704
0.67869973,0.31569713,-4.9436526
0.6796652,0.314865,-4.943573
0.6804172,0.31421685,-4.943511
0.6812227,0.3135224,-4.943444
0.6816924,0.31311756,-4.943405
0.68270063,0.31224835,-4.943321
0.6834762,0.31157976,-4.943256
0.6843741,0.31080556,-4.9431806
0.68511933,0.31016296,-4.9431176
0.68578446,0.30958942,-4.943061
0.6865797,0.30890366,-4.9429936
0.68727183,0.30830675,-4.9429345
0.68809795,0.3075942,-4.942864
0.6888133,0.30697724,-4.942803
0.68961686,0.3062842,-4.942734
0.6903249,0.30567345,-4.942673
0.6910751,0.30502626,-4.942608
0.6920514,0.30418402,-4.942523
0.69281733,0.30352324,-4.9424567
0.6935566,0.3028854,-4.9423923
0.6942424,0.30229375,-4.9423323
0.69494736,0.3016854,-4.9422703
0.6959286,0.3008387,-4.942184
0.69657254,0.30028296,-4.9421268
0.69735086,0.29961124,-4.9420576
0.69807565,0.2989857,-4.941993
0.6988658,0.29830372,-4.941923
0.6996254,0.29764804,-4.941855
0.70038134,0.29699552,-4.941787
0.7011527,0.2963296,-4.9417176
0.7019704,0.2956237,-4.941644
0.70273066,0.29496735,-4.941575
0.70352167,0.29428428,-4.9415026
0.70419383,0.2937039,-4.941442
0.70505446,0.2929608,-4.941364
0.7058307,0.2922905,-4.9412923
0.7065071,0.29170635,-4.9412303
0.7074719,0.290873,-4.941141
0.7080833,0.29034498,-4.941085
0.70886785,0.28966737,-4.9410124
0.7094102,0.28919894,-4.940962
0.71033335,0.28840134,-4.9408755
0.71094126,0.28787613,-4.940819
0.7118649,0.2870801,-4.940732
0.71264255,0.28641176,-4.9406586
0.7134202,0.28574324,-4.940585
0.71422505,0.28505135,-4.940509
0.7149645,0.28441554,-4.9404387
0.7157465,0.28374317,-4.940364
0.7165787,0.28302756,-4.9402843
0.7173188,0.28239134,-4.9402137
0.7180819,0.281735,-4.94014
0.71882606,0.28109512,-4.9400682
0.7196821,0.28035888,-4.9399858
0.72022206,0.27989444,-4.9399333
0.72115177,0.27909485,-4.9398427
0.72188485,0.27846423,-4.939771
0.7227956,0.27768078,-4.939682
0.7234479,0.2771196,-4.9396186
0.72421616,0.27645862,-4.9395423
0.7250581,0.2757344,-4.93946
0.72566444,0.27521268,-4.9393997
0.7265219,0.27447474,-4.939315
0.72730243,0.27380314,-4.939237
0.72807914,0.27313468,-4.9391594
0.7290146,0.2723297,-4.939066
0.7296448,0.27178732,-4.939003
0.73022866,0.2712848,-4.9389443
0.73119545,0.27045256,-4.9388466
0.7319343,0.26981655,-4.938772
0.7328591,0.26902053,-4.9386787
0.73343945,0.26852077,-4.9386196
0.73428714,0.267791,-4.938533
0.735135,0.26706105,-4.938447
0.7358552,0.2664409,-4.938373
0.7364942,0.26589063,-4.9383073
0.737544,0.26498666,-4.938199
0.73822975,0.26439604,-4.9381285
0.7388187,0.26388878,-4.9380674
0.739776,0.26306725,-4.937968
0.74058235,0.26237625,-4.937884
0.7412144,0.26183465,-4.9378176
0.7420326,0.26113337,-4.9377317
0.74264157,0.26061144,-4.937668
0.74359983,0.25979015,-4.937567
0.74439526,0.2591083,-4.937483
0.7449812,0.25860593,-4.937421
0.7458547,0.2578572,-4.9373283
0.7465535,0.2572581,-4.937254
0.7474233,0.2565123,-4.9371614
0.7481107,0.25592285,-4.9370875
0.7490664,0.25510344,-4.9369855
0.74964917,0.25460365,-4.9369226
0.75055474,0.25382715,-4.936825
0.75128937,0.2531971,-4.9367456
0.75190365,0.2526703,-4.9366794
0.7529807,0.25174642,-4.936562
0.7536263,0.25119263,-4.936492
0.75439656,0.25053194,-4.9364076
0.7552953,0.2497609,-4.9363093
0.7561087,0.24906313,-4.93622
0.75676256,0.2485021,-4.936148
0.7576307,0.2477572,-4.936052
0.7584133,0.24708563,-4.9359655
0.7591728,0.24643394,-4.9358816
0.75999856,0.24572524,-4.9357896
0.76069987,0.24512339,-4.935712
0.76152205,0.24441771,-4.93562
0.7622003,0.24383566,-4.935544
0.7629994,0.24314971,-4.935455
0.76381433,0.24245021,-4.935363
0.76454353,0.24182416,-4.935281
0.765351,0.24113102,-4.9351892
0.7661195,0.2404712,-4.935102
0.7669428,0.23976429,-4.9350085
0.767735,0.239084,-4.9349184
0.7685665,0.23837003,-4.9348235
0.76945275,0.23760892,-4.934722
0.76994884,0.23718303,-4.9346657
0.77079237,0.23645848,-4.9345684
0.7717612,0.23562637,-4.934457
0.77254266,0.23495512,-4.9343667
0.77317584,0.2344113,-4.9342937
0.77394575,0.23374982,-4.934204
0.7747472,0.23306133,-4.934111
0.775541,0.23237936,-4.9340186
0.77646005,0.23158969,-4.933911
0.7772268,0.2309309,-4.9338217
0.7779311,0.23032574,-4.9337387
0.7787802,0.22959599,-4.933638
0.7795043,0.22897372,-4.933553
0.7803421,0.22825374,-4.933454
0.78102326,0.22766815,-4.933373
0.78179085,0.2270084,-4.933282
0.78242147,0.22646636,-4.933207
0.7833812,0.22564128,-4.933092
0.78411794,0.22500801,-4.9330044
0.7848939,0.22434087,-4.9329114
0.7856935,0.22365338,-4.9328156
0.7864971,0.22296229,-4.932718
0.7872501,0.22231491,-4.932627
0.78818744,0.22150882,-4.9325137
0.7888779,0.22091508,-4.9324303
0.78973716,0.2201761,-4.932326
0.7905141,0.21950778,-4.932231
0.7913227,0.2188123,-4.9321322
0.7920135,0.21821795,-4.9320474
0.7929403,0.21742083,-4.9319344
0.79368263,0.21678227,-4.931843
0.79428744,0.21626183,-4.9317684
0.7951007,0.21556216,-4.931668
0.7959652,0.21481836,-4.9315605
0.79681015,0.21409127,-4.931456
0.79730934,0.21366167,-4.931394
0.79841024,0.21271431,-4.931257
0.79910624,0.21211529,-4.9311695
0.7998535,0.2114721,-4.931076
0.800652,0.21078476,-4.930976
0.80141544,0.21012776,-4.9308805
0.8021984,0.20945361,-4.9307814
0.80302507,0.20874205,-4.9306774
0.8036667,0.20818962,-4.930596
0.8044266,0.20753536,-4.9305
0.80517083,0.20689452,-4.9304047
0.80605716,0.20613143,-4.930292
0.80693966,0.20537153,-4.93018
0.80772763,0.20469284,-4.9300785
0.80852777,0.20400384,-4.929976
0.80930424,0.20333502,-4.929877
0.81008494,0.20266266,-4.929776
0.81088936,0.20196974,-4.9296722
0.81167406,0.20129362,-4.92957
0.81245124,0.20062417,-4.92947
0.8132523,0.19993415,-4.9293656
0.81405336,0.19924396,-4.9292617
0.8147598,0.19863524,-4.9291697
0.8156717,0.19784948,-4.9290504
0.8162284,0.19736974,-4.928977
0.81735396,0.19639982,-4.9288297
0.81805694,0.19579387,-4.9287367
0.81876016,0.19518779,-4.928644
0.81957805,0.1944828,-4.928536
0.820325,0.193839,-4.928437
0.8210839,0.19318478,-4.9283366
0.8218944,0.19248612,-4.928229
0.8225942,0.19188276,-4.9281354
0.8236501,0.19097231,-4.9279943
0.82437813,0.19034477,-4.9278975
0.82504666,0.18976821,-4.9278073
0.8258896,0.18904142,-4.9276943
0.82670087,0.18834172,-4.9275846
0.8275717,0.18759063,-4.9274673
0.8283121,0.18695207,-4.927367
0.8290843,0.18628603,-4.927263
0.8298448,0.18563008,-4.9271593
0.83062917,0.1849535,-4.927053
0.8313937,0.1842938,-4.926948
0.8323251,0.18349038,-4.926821
0.8330148,0.18289535,-4.926727
0.8339186,0.18211547,-4.926603
0.8346006,0.181527,-4.926509
0.8353065,0.18091786,-4.9264116
0.8362108,0.18013744,-4.9262867
0.8369606,0.17949036,-4.926183
0.837889,0.17868899,-4.926054
0.838651,0.1780313,-4.925948
0.83943695,0.17735288,-4.925839
0.84023094,0.17666745,-4.9257283
0.84101325,0.17599218,-4.925619
0.8417877,0.17532358,-4.925511
0.8425026,0.17470627,-4.9254103
0.84331703,0.17400306,-4.925296
0.8441038,0.17332369,-4.9251847
0.8449742,0.1725721,-4.925062
0.8457533,0.17189927,-4.924952
0.8465166,0.17124003,-4.924844
0.8474313,0.17045012,-4.924714
0.84821075,0.16977677,-4.924603
0.84891486,0.16916858,-4.9245024
0.84953153,0.1686359,-4.9244146
0.8504746,0.1678212,-4.9242797
0.8513343,0.1670785,-4.924156
0.8520707,0.16644222,-4.9240503
0.85284704,0.16577138,-4.9239388
0.85363954,0.16508667,-4.923825
0.85433656,0.16448438,-4.923724
0.8553403,0.16361685,-4.9235783
0.85601753,0.16303146,-4.9234796
0.8569222,0.16224964,-4.923348
0.8577592,0.16152619,-4.9232264
0.85844487,0.16093351,-4.9231267
0.85919046,0.16028899,-4.9230175
0.8600677,0.15953055,-4.9228888
0.8608575,0.15884781,-4.922773
0.8616991,0.15812004,-4.922649
0.86244136,0.15747838,-4.9225397
0.8632594,0.15677096,-4.922419
0.86405367,0.15608412,-4.9223013
0.86487603,0.15537293,-4.9221797
0.86565465,0.15469956,-4.922064
0.8664573,0.15400533,-4.9219446
0.8672521,0.15331782,-4.921826
0.86786723,0.15278567,-4.921734
0.8688701,0.15191814,-4.9215837
0.86973727,0.1511679,-4.9214535
0.870217,0.15075298,-4.921382
0.87124836,0.14986062,-4.921227
0.87205595,0.14916176,-4.9211044
0.8728438,0.14848006,-4.920985
0.8735517,0.14786741,-4.9208784
0.8743758,0.1471544,-4.9207535
0.875212,0.1464325,-4.920626
0.8760123,0.14574152,-4.9205036
0.87688494,0.14498818,-4.920371
0.87762153,0.14435217,-4.920258
0.87849844,0.14359501,-4.9201245
0.8792312,0.14296216,-4.9200115
0.8799882,0.14230843,-4.919895
0.8808856,0.14153343,-4.919757
0.8815907,0.14092436,-4.9196477
0.882336,0.14028057,-4.919533
0.88329804,0.13944967,-4.919384
0.8840397,0.13880901,-4.919269
0.8848736,0.13808852,-4.9191394
0.8857277,0.13735054,-4.919006
0.88647777,0.13670252,-4.918889
0.8873403,0.13595727,-4.9187546
0.8881989,0.1352153,-4.9186196
0.88894135,0.13457374,-4.9185033
0.8897882,0.13384183,-4.91837
0.890298,0.13340122,-4.9182897
0.89116925,0.1326482,-4.918152
0.89198446,0.1319436,-4.918023
0.8929645,0.13109647,-4.917868
0.89354694,0.13059294,-4.917776
0.8946237,0.12966204,-4.917605
0.8950938,0.12925555,-4.9175296
0.8960504,0.12842852,-4.9173775
0.89692265,0.12767425,-4.9172378
0.89769065,0.12701021,-4.917115
0.89844656,0.12635645,-4.9169936
0.89914644,0.12575126,-4.9168816
0.90010774,0.12491977,-4.9167266
0.9007113,0.12439781,-4.9166293
0.90173334,0.12351373,-4.9164643
0.90236115,0.12297063,-4.9163623
0.9033594,0.12210733,-4.916201
0.9041244,0.121447206,-4.9160767
0.9049418,0.12074176,-4.9159436
0.90575135,0.120043114,-4.9158115
0.90663743,0.11927822,-4.9156666
0.90740293,0.1186175,-4.9155416
0.908229,0.11790444,-4.915406
0.90900683,0.11723296,-4.9152784
0.9097969,0.11655091,-4.9151487
0.91065156,0.11581299,-4.9150076
0.91140556,0.11516195,-4.9148836
0.9120468,0.11460829,-4.9147778
0.9130027,0.11378281,-4.914619
0.91388613,0.113019824,-4.914472
0.9146731,0.112340316,-4.914342
0.9154357,0.11168155,-4.914214
0.9163035,0.110932,-4.9140697
0.917111,0.11023457,-4.9139347
0.91774076,0.109690465,-4.913829
0.9186697,0.108888105,-4.913674
0.9194652,0.1082015,-4.91354
0.92007935,0.10767235,-4.913437
0.9208106,0.10704211,-4.913314
0.9218692,0.10612959,-4.913134
0.9226695,0.105439804,-4.912999
0.923393,0.10481608,-4.9128766
0.92419356,0.104126,-4.9127407
0.9249579,0.103467144,-4.9126115
0.9257667,0.10276978,-4.9124737
0.92679,0.1018874,-4.912299
0.92736447,0.10139203,-4.9122005
0.928376,0.10051972,-4.9120274
0.92922205,0.09979028,-4.911883
0.93000597,0.099116504,-4.9117475
0.9305577,0.0986486,-4.9116526
0.9316694,0.09770558,-4.9114604
0.9324393,0.097052276,-4.911327
0.933358,0.09627305,-4.9111686
0.9340583,0.09567887,-4.911047
0.9350007,0.09486786,-4.910883
0.9358075,0.09417555,-4.9107428
0.9365082,0.09358097,-4.9106207
0.9370173,0.09314373,-4.910532
0.9382417,0.09208713,-4.9103174
0.9389845,0.09145367,-4.9101877
0.9398507,0.09071854,-4.9100356
0.94061875,0.09006378,-4.9099007
0.9415322,0.08928281,-4.9097395
0.942337,0.08858926,-4.9095984
0.9430473,0.08797614,-4.909473
0.94390774,0.08723322,-4.9093204
0.94472635,0.086528696,-4.909176
0.94562685,0.08576085,-4.9090157
0.94624007,0.08523135,-4.9089065
0.9470565,0.084526375,-4.9087615
0.9477755,0.08390543,-4.908633
0.94890106,0.08293345,-4.9084325
0.9494862,0.08242804,-4.9083276
0.95039666,0.081641674,-4.908165
0.95118415,0.08096397,-4.9080234
0.952193,0.08010694,-4.907842
0.9528793,0.07952374,-4.907718
0.95350796,0.07898964,-4.9076047
0.9545337,0.07811838,-4.907419
0.9551501,0.077595904,-4.9073076
0.9562134,0.07669452,-4.907115
0.95700383,0.07602446,-4.906971
0.95798886,0.07518931,-4.9067917
0.9586884,0.07459614,-4.906664
0.9594958,0.07391089,-4.9065166
0.96034044,0.07319368,-4.9063616
0.961177,0.07248334,-4.9062085
0.96200967,0.07177637,-4.9060564
0.9628134,0.07109388,-4.905908
0.9636214,0.070408575,-4.90576
0.96451646,0.069649294,-4.905595
0.9653911,0.06890741,-4.905433
0.96614546,0.06826735,-4.905293
0.9671033,0.06745479,-4.9051156
0.9677917,0.06687074,-4.904988
0.9686461,0.06614582,-4.9048295
0.96949226,0.065427765,-4.9046717
0.9702598,0.06477645,-4.9045286
0.97127646,0.0639137,-4.904339
0.97188646,0.06339593,-4.9042244
0.9729158,0.06252223,-4.9040313
0.973767,0.06179985,-4.903872
0.974477,0.06119715,-4.9037385
0.97529083,0.060506195,-4.903585
0.97610503,0.059815094,-4.903432
0.9767404,0.05927615,-4.9033113
0.9776046,0.058543377,-4.9031477
0.9783567,0.057905585,-4.9030056
0.9793998,0.057020925,-4.902807
0.98023534,0.056312323,-4.902649
0.98078406,0.055846885,-4.9025445
0.9817528,0.05502515,-4.90236
0.9827176,0.054206736,-4.902176
0.9835952,0.053462222,-4.902008
0.9842067,0.052943435,-4.9018908
0.9852469,0.052061398,-4.9016914
0.98605824,0.051373757,-4.9015355
0.9869031,0.05065775,-4.9013724
0.9875399,0.050118,-4.90125
0.9885433,0.04926762,-4.901057
0.98938847,0.048551153,-4.900893
0.98997974,0.048049882,-4.9007783
0.99074197,0.047403775,-4.900631
0.99186254,0.046453908,-4.9004135
0.9925916,0.045836516,-4.9002714
0.9935626,0.04501433,-4.9000826
0.9944253,0.044283714,-4.899914
0.9952006,0.043627076,-4.8997626
0.99594265,0.04299856,-4.899617
0.99685574,0.042225104,-4.8994384
0.9976648,0.04153979,-4.8992796
0.9985405,0.040797796,-4.899107
0.99935585,0.040105127,-4.8989472
0.9999769,0.039574984,-4.898824
1.0008428,0.038829975,-4.8986535
1.0016268,0.038155433,-4.8984985
1.0027472,0.03720164,-4.898277
1.0034854,0.03656916,-4.8981295
1.0043685,0.035809327,-4.897955
1.0051368,0.035158895,-4.897802
1.0060457,0.034384575,-4.8976207
1.0069226,0.03363874,-4.8974457
1.0076704,0.033005964,-4.897296
1.0083224,0.032454398,-4.897166
1.0093796,0.03155967,-4.8969536
1.0101657,0.030891316,-4.8967957
1.0110795,0.030109908,-4.896612
1.0118486,0.029448576,-4.8964567
1.0125972,0.028804801,-4.8963065
1.0136011,0.027941521,-4.896104
1.014321,0.027322222,-4.895958
1.0150453,0.026699431,-4.895811
1.0160455,0.025839686,-4.895609
1.0168399,0.025156679,-4.8954473
1.0175974,0.024505395,-4.895293
1.018532,0.02370173,-4.8951025
1.0191209,0.023195354,-4.8949823
1.0202453,0.022228425,-4.8947525
1.0209334,0.02163716,-4.8946123
1.0218027,0.020889973,-4.8944335
1.0224249,0.020355154,-4.894306
1.0234799,0.019448245,-4.894089
1.0242467,0.018789161,-4.893932
1.024865,0.018257592,-4.893804
1.0258712,0.017392876,-4.893596
1.0267247,0.01665915,-4.8934197
1.0273682,0.016106093,-4.893287
1.0282714,0.015329529,-4.8930993
1.0292904,0.014453483,-4.8928876
1.0298847,0.013942795,-4.892764
1.0309578,0.013020523,-4.892541
1.0317132,0.012371312,-4.8923836
1.0323861,0.011793058,-4.8922434
1.0331044,0.011175672,-4.8920927
1.0339881,0.010416201,-4.8919077
1.0348718,0.0096566,-4.8917227
1.0357599,0.008893476,-4.8915358
1.0364952,0.008261549,-4.891381
1.0374746,0.007419981,-4.8911753
1.038206,0.006791355,-4.8910203
1.0390823,0.0060383594,-4.890836
1.0398097,0.005413159,-4.8906813
1.0407689,0.0045889197,-4.8904786
1.0416248,0.0038534063,-4.890297
1.0424314,0.0031604138,-4.8901253
1.043246,0.0024601698,-4.8899517
1.0441563,0.0016780641,-4.889758
1.0448389,0.00109138,-4.8896127
1.0457244,0.00033035857,-4.8894234
1.0463908,-0.0002422574,-4.889281
1.0473719,-0.0010852572,-4.889071
1.0479969,-0.0016224099,-4.888936
1.0489906,-0.0024762955,-4.8887234
1.0496035,-0.0030029374,-4.8885913
1.0506389,-0.003892707,-4.888368
1.0515584,-0.0046829833,-4.8881693
1.0523041,-0.00532377,-4.8880086
1.0530872,-0.005996722,-4.887839
1.0540735,-0.006844257,-4.887625
1.0548446,-0.0075066956,-4.8874583
1.0556155,-0.008169211,-4.8872905
1.0564654,-0.008899517,-4.887105
1.0570418,-0.009394778,-4.8869796
1.0581408,-0.01033905,-4.88674
1.0590615,-0.011130176,-4.886539
1.0598955,-0.011846623,-4.886357
1.0607418,-0.012573915,-4.886171
1.0612895,-0.013044453,-4.8860507
1.0624392,-0.014032074,-4.8857985
1.0630908,-0.0145918485,-4.885655
1.063946,-0.015326395,-4.8854666
1.0648844,-0.016132275,-4.8852596
1.0655695,-0.01672069,-4.885108
1.0663462,-0.01738748,-4.8849363
1.0672808,-0.018189803,-4.884729
1.0680451,-0.018845862,-4.8845596
1.0688554,-0.019541161,-4.88438
1.0697322,-0.020293329,-4.884185
1.0705469,-0.020992046,-4.8840036
1.0713865,-0.021712298,-4.883816
1.0722346,-0.022439461,-4.883627
1.0729997,-0.023095386,-4.8834558
1.0736609,-0.023662096,-4.8833075
1.0744926,-0.024374863,-4.8831205
1.0755534,-0.025283702,-4.882883
1.0760401,-0.025700588,-4.8827734
1.0770928,-0.026602224,-4.882537
1.0779209,-0.027311267,-4.88235
1.0790073,-0.028241258,-4.8821044
1.0796108,-0.028757954,-4.881968
1.0804975,-0.029516727,-4.8817673
1.0813345,-0.030232722,-4.881578
1.082159,-0.030937906,-4.8813906
1.082813,-0.031497173,-4.881242
1.0837169,-0.03226994,-4.881036
1.0846169,-0.03303921,-4.8808317
1.0855002,-0.033794012,-4.8806295
1.086488,-0.03463788,-4.8804045
1.0870672,-0.0351326,-4.880272
1.0880051,-0.035933547,-4.8800564
1.0890224,-0.0368018,-4.879823
1.0893227,-0.037058048,-4.8797545
1.0905571,-0.038111202,-4.8794703
1.0914246,-0.03885133,-4.8792706
1.0921838,-0.03949869,-4.8790956
1.0928305,-0.04004973,-4.8789463
1.0938445,-0.040913798,-4.878712
1.0945832,-0.041543312,-4.878541
1.0953512,-0.04219784,-4.878363
1.0965033,-0.04317984,-4.8780956
1.0972131,-0.04378408,-4.8779306
1.0980148,-0.044466633,-4.877744
1.0987831,-0.045120873,-4.8775644
1.0997648,-0.045956634,-4.877336
1.1005962,-0.046664514,-4.877142
1.1014568,-0.047397442,-4.8769403
1.1022632,-0.048084255,-4.8767514
1.10312,-0.048813917,-4.87655
1.1040814,-0.049632747,-4.8763247
1.1047294,-0.050184466,-4.876172
1.1053815,-0.05073933,-4.8760185
1.1064144,-0.05161805,-4.8757753
1.1071923,-0.052279897,-4.8755918
1.1080664,-0.053023733,-4.875385
1.1089156,-0.053746365,-4.875184
1.1097313,-0.054440655,-4.8749905
1.11061,-0.055188507,-4.8747816
1.1114095,-0.055868756,-4.8745923
1.1122298,-0.056566134,-4.874397
1.1130502,-0.05726365,-4.8742013
1.1138834,-0.057971984,-4.8740025
1.1147293,-0.058691144,-4.8738008
1.1153657,-0.05923238,-4.8736486
1.116438,-0.060144138,-4.873392
1.1173637,-0.06093062,-4.87317
1.118164,-0.061610308,-4.872978
1.1189225,-0.062254533,-4.872796
1.119882,-0.06306975,-4.8725643
1.1206197,-0.06369643,-4.8723865
1.1213617,-0.064326786,-4.872208
1.1221372,-0.06498574,-4.8720202
1.1230681,-0.06577619,-4.8717957
1.1239402,-0.06651644,-4.871584
1.124905,-0.06733516,-4.8713503
1.1254,-0.06775527,-4.87123
1.1265242,-0.0687096,-4.870957
1.1273676,-0.06942551,-4.870752
1.128232,-0.070159376,-4.870541
1.1290042,-0.070815,-4.8703523
1.1298354,-0.07152061,-4.8701496
1.1302552,-0.071876585,-4.870047
1.1314042,-0.07284549,-4.8697658
1.1323591,-0.07364416,-4.8695316
1.1332163,-0.074361004,-4.869322
1.1341586,-0.07514879,-4.8690896
1.1349776,-0.07583298,-4.8688884
1.1358223,-0.07653869,-4.8686805
1.13665,-0.07723029,-4.8684764
1.1374949,-0.0779363,-4.868268
1.1383656,-0.07866327,-4.868053
1.1393516,-0.079485215,-4.8678083
1.1401969,-0.08018992,-4.867599
1.1410125,-0.08086986,-4.867397
1.1417855,-0.081514314,-4.8672047
1.1424946,-0.08210549,-4.867028
1.1435156,-0.08295681,-4.866774
1.1443616,-0.08366227,-4.8665633
1.1451093,-0.08428589,-4.8663764
1.1461351,-0.085141346,-4.86612
1.1469003,-0.08577953,-4.8659286
1.1476271,-0.08638573,-4.865747
1.1487645,-0.08733448,-4.8654613
1.1495085,-0.08795523,-4.865274
1.1505736,-0.08884377,-4.8650064
1.1512922,-0.089443386,-4.8648252
1.1521267,-0.090139516,-4.8646154
1.1529312,-0.090810806,-4.8644123
1.1537657,-0.09150722,-4.864201
1.1546047,-0.09220735,-4.863989
1.1555165,-0.09296838,-4.8637576
1.1563258,-0.093643814,-4.8635526
1.1571695,-0.09434797,-4.863338
1.1580304,-0.095066585,-4.863119
1.1587758,-0.09568879,-4.8629293
1.1597612,-0.09651143,-4.8626785
1.1606395,-0.09724482,-4.862454
1.1614923,-0.09795691,-4.862236
1.1623411,-0.09866557,-4.8620195
1.1632113,-0.099392414,-4.861796
1.1639874,-0.10004214,-4.861597
1.1647763,-0.10070276,-4.861394
1.1657414,-0.10151078,-4.861146
1.1666207,-0.102247134,-4.86092
1.1671485,-0.102689035,-4.8607836
1.1683756,-0.10371674,-4.8604674
1.1691823,-0.104393005,-4.8602586
1.1700623,-0.10513187,-4.860031
1.1709164,-0.10584925,-4.8598094
1.1717751,-0.10657076,-4.8595867
1.1726339,-0.10729387,-4.8593636
1.1735015,-0.10802439,-4.8591385
1.1741544,-0.108575016,-4.8589683
1.1749747,-0.10926774,-4.858754
1.1759415,-0.11008509,-4.8585024
1.176947,-0.110936575,-4.858239
1.1778022,-0.11166245,-4.8580155
1.178417,-0.11218466,-4.8578544
1.1793883,-0.113011375,-4.8575993
1.18033,-0.11381425,-4.8573523
1.1812329,-0.11458535,-4.8571143
1.1818436,-0.11510774,-4.8569536
1.1828158,-0.11594024,-4.856697
1.1837448,-0.116737425,-4.856451
1.1844246,-0.117321916,-4.8562713
1.1856682,-0.11839326,-4.8559422
1.1864041,-0.11902842,-4.855747
1.1870196,-0.11956036,-4.8555837
1.1880009,-0.12040986,-4.8553224
1.1887673,-0.12107426,-4.8551183
1.1896069,-0.12180365,-4.854894
1.1906836,-0.12274034,-4.854607
1.1915494,-0.12349467,-4.8543754
1.1923248,-0.12417169,-4.854168
1.193251,-0.12498118,-4.8539195
1.1940525,-0.12568277,-4.8537045
1.1944748,-0.12605247,-4.8535905
1.1956729,-0.12710384,-4.853268
1.1967202,-0.1280238,-4.8529854
1.197548,-0.12875214,-4.852762
1.1984277,-0.12952629,-4.8525243
1.1991565,-0.13016917,-4.8523273
1.2000405,-0.13094914,-4.8520875
1.2008257,-0.13164216,-4.851875
1.2018739,-0.13256933,-4.8515897
1.20275,-0.13334465,-4.8513517
1.2033497,-0.13387647,-4.851188
1.2044674,-0.13486768,-4.850883
1.2052917,-0.13559881,-4.850658
1.2060128,-0.13623941,-4.850461
1.2070965,-0.1372029,-4.8501644
1.2079343,-0.13794778,-4.8499346
1.2087893,-0.13870814,-4.8497
1.2095584,-0.13939342,-4.8494887
1.2105172,-0.14024833,-4.8492246
1.2114763,-0.14110345,-4.84896
1.2124141,-0.14194037,-4.8487015
1.2132741,-0.14270905,-4.8484635
1.2140046,-0.14336197,-4.848262
1.2147044,-0.1439879,-4.8480678
1.2155737,-0.14477481,-4.8478265
1.216229,-0.14536883,-4.8476443
1.2175522,-0.1465714,-4.8472757
1.2183906,-0.14733341,-4.8470416
1.219276,-0.14813814,-4.846795
1.2200251,-0.14881916,-4.8465853
1.2208809,-0.14959708,-4.8463464
1.2216685,-0.15031317,-4.846125
1.2225158,-0.15108362,-4.845888
1.2233973,-0.15188515,-4.84564
1.2242407,-0.15265201,-4.8454037
1.2250841,-0.15341961,-4.8451657
1.2259362,-0.1541959,-4.844926
1.2267753,-0.15495928,-4.844689
1.2276744,-0.15577705,-4.8444347
1.2285055,-0.15653297,-4.8442
1.229247,-0.15720758,-4.8439903
1.2301633,-0.1580413,-4.84373
1.2311693,-0.15895665,-4.8434443
1.2319198,-0.1596394,-4.843231
1.2328833,-0.16051628,-4.842957
1.2336124,-0.16117987,-4.842749
1.23441,-0.16190568,-4.8425217
1.2352802,-0.16269839,-4.8422737
1.2358944,-0.16325751,-4.842098
1.2369695,-0.1642361,-4.84179
1.2378272,-0.1650168,-4.841545
1.2387189,-0.1658287,-4.8412886
1.239278,-0.1663377,-4.841128
1.2403877,-0.16734807,-4.8408093
1.2412499,-0.16813321,-4.840561
1.2420311,-0.16884463,-4.840336
1.2430727,-0.16979335,-4.840035
1.2437816,-0.17043892,-4.8398304
1.2448193,-0.17138413,-4.8395305
1.245635,-0.17212717,-4.839294
1.2464124,-0.17283535,-4.8390684
1.2472028,-0.17355533,-4.8388395
1.2482367,-0.17449729,-4.8385386
1.2491083,-0.17529151,-4.8382854
1.2500013,-0.17610534,-4.838025
1.2506808,-0.17672455,-4.8378267
1.2515271,-0.17749579,-4.8375797
1.2523221,-0.1782204,-4.837347
1.2531815,-0.17900361,-4.8370957
1.2541475,-0.17988437,-4.8368125
1.2550842,-0.18073805,-4.8365383
1.2558794,-0.18146524,-4.8363037
1.256598,-0.18212342,-4.8360925
1.2572609,-0.18273073,-4.8358974
1.2583345,-0.1837144,-4.835581
1.2591431,-0.18445523,-4.835343
1.2601358,-0.18536477,-4.835049
1.2608631,-0.18603073,-4.8348336
1.2617617,-0.18685348,-4.834567
1.2625407,-0.18756738,-4.8343368
1.2636535,-0.18858738,-4.8340063
1.2643384,-0.18921521,-4.8338027
1.2653573,-0.19014925,-4.833499
1.2659824,-0.19072233,-4.833313
1.2669373,-0.19159779,-4.833028
1.2677851,-0.19237526,-4.8327746
1.2683976,-0.19293684,-4.8325915
1.2692757,-0.193742,-4.832329
1.2703552,-0.19473201,-4.8320055
1.2711734,-0.19548249,-4.8317595
1.2717991,-0.19605625,-4.831572
1.2726345,-0.19682267,-4.831321
1.2735217,-0.19763641,-4.8310537
1.2746146,-0.19863905,-4.8307247
1.2752447,-0.19921713,-4.8305345
1.2762951,-0.20018078,-4.830218
1.277118,-0.20093608,-4.8299685
1.2780827,-0.20182139,-4.829676
1.278932,-0.2026006,-4.829419
1.2798024,-0.20339963,-4.829155
1.2805529,-0.20408852,-4.828926
1.2814795,-0.20493898,-4.8286443
1.2822258,-0.2056242,-4.8284173
1.2832212,-0.2065397,-4.8281136
1.2840794,-0.2073313,-4.827852
1.2849504,-0.20813487,-4.8275857
1.2858217,-0.2089386,-4.827319
1.2866757,-0.20972662,-4.827057
1.2874911,-0.21047911,-4.8268065
1.2882938,-0.21121985,-4.8265605
1.2892426,-0.21209599,-4.8262687
1.2901442,-0.21293202,-4.8259907
1.2907455,-0.21348946,-4.8258057
1.291733,-0.21440537,-4.8255005
1.292476,-0.21509442,-4.8252716
